page_id,text,label,Pattern Category,cleaned_text
1414,Only 7 left in stock.,1,Scarcity,Only 7 left in stock.
1736, Cases for Magsafe Refine by Product Type: Cases for Magsafe ,0,Not Dark Pattern,Cases for Magsafe Refine by Product Type: Cases for Magsafe
1386,8 items left,1,Scarcity,8 items left
714,Sweep Train Simple A Line Tulle Wedding Dress with Appliques and Beading,0,Not Dark Pattern,Sweep Train Simple A Line Tulle Wedding Dress with Appliques and Beading
133,Nursing chairs,0,Not Dark Pattern,Nursing chairs
368,"NO THANKS, I DON’T MIND MISSING OUT",1,Misdirection,"NO THANKS, I DON’T MIND MISSING OUT"
946,Items in your cart are in high demand.,1,Scarcity,Items in your cart are in high demand.
1604,Wallets ,0,Not Dark Pattern,Wallets
235,"Someone from Portland, United States (US) purchased MODALERT recently.",1,Social Proof,"Someone from Portland, United States (US) purchased MODALERT recently."
941,Strong demand! Complete your order before it's too late!,1,Scarcity,Strong demand! Complete your order before it's too late!
360,"No thanks, I’d rather pay full price.",1,Misdirection,"No thanks, I’d rather pay full price."
179,2 viewed per hour,1,Social Proof,2 viewed per hour
133,1 other customers have this item in their shopping cart,1,Social Proof,1 other customers have this item in their shopping cart
1533,"HURRY, LOW IN STOCK!",1,Scarcity,"HURRY, LOW IN STOCK!"
782," To enable notifications, click 'Allow' when prompted. ",0,Not Dark Pattern,"To enable notifications, click 'Allow' when prompted."
188,Stay Connected,0,Not Dark Pattern,Stay Connected
1325,Hurry! Only 15 left!,1,Scarcity,Hurry! Only 15 left!
387,"No thanks, I don't like promotions and exclusive content.",1,Misdirection,"No thanks, I don't like promotions and exclusive content."
1736, Glows In The Dark ,0,Not Dark Pattern,Glows In The Dark
898,"You may cancel your JustFab VIP Membership at any time. There is absolutely no cancellation fee. If you would like to continue receiving selections, then just skip the month by clicking Skip This Month in your Boutique between the 1st and the 5th of the month. You won't be charged and no member credit will be generated for you. If you no longer want to skip the month, then call our Fashion Consultants on 020 36953830 (local rate) Mon-Fri 8:00AM to 8:00PM and Sat-Sun 10:00AM to 6:00PM or cancel your membership via chat.",1,Obstruction,"You may cancel your JustFab VIP Membership at any time. There is absolutely no cancellation fee. If you would like to continue receiving selections, then just skip the month by clicking Skip This Month in your Boutique between the 1st and the 5th of the month. You won't be charged and no member credit will be generated for you. If you no longer want to skip the month, then call our Fashion Consultants on 020 36953830 (local rate) Mon-Fri 8:00AM to 8:00PM and Sat-Sun 10:00AM to 6:00PM or cancel your membership via chat."
1736, PopTop Refine by Product Type: PopTop ,0,Not Dark Pattern,PopTop Refine by Product Type: PopTop
87,Limited Edition Honeycomb Necklace (Bee Inspired) Someone purchased a Limited Edition Honeycomb Necklace (Bee Inspired),1,Social Proof,Limited Edition Honeycomb Necklace (Bee Inspired) Someone purchased a Limited Edition Honeycomb Necklace (Bee Inspired)
249,13 people have added this to their cart,1,Social Proof,13 people have added this to their cart
1125,ONLY 1 LEFT IN STOCK!,1,Scarcity,ONLY 1 LEFT IN STOCK!
1736,"For instance, we use cookies allowing us to remember information provided by the users from a page to another, choices made by users and information provided by users (name, language preference, country of residence…). In particular, we use the following functional cookies: ",0,Not Dark Pattern,"For instance, we use cookies allowing us to remember information provided by the users from a page to another, choices made by users and information provided by users (name, language preference, country of residence…). In particular, we use the following functional cookies:"
1109,Limited stock!,1,Scarcity,Limited stock!
1604,This chart should be used as a guide only. Due to each manufacturer’s size scale inconsistencies may occur.,0,Not Dark Pattern,This chart should be used as a guide only. Due to each manufacturer’s size scale inconsistencies may occur.
179,Expand My eBay,0,Not Dark Pattern,Expand My eBay
280,jennifer just bought Rainbow Moonstone Healing Heartabout 6 hours ago,1,Social Proof,jennifer just bought Rainbow Moonstone Healing Heartabout 6 hours ago
998,Ends Sunday! $200 off any mattress . free shipping & free returns!,1,Urgency,Ends Sunday! $200 off any mattress . free shipping & free returns!
1583,94% offers claimed. Hurry up!,1,Scarcity,94% offers claimed. Hurry up!
1736,Product Recycling,0,Not Dark Pattern,Product Recycling
1592,In Stock. Only 1 Left!,1,Scarcity,In Stock. Only 1 Left!
1627,Only 65 Items Left.,1,Scarcity,Only 65 Items Left.
459,I Don't Like to Save Money,1,Misdirection,I Don't Like to Save Money
1736,Report a Fake Product,0,Not Dark Pattern,Report a Fake Product
919, How to Recycle ,0,Not Dark Pattern,How to Recycle
457,"No thanks, I'm not interested in saving money.",1,Misdirection,"No thanks, I'm not interested in saving money."
1604,By Brand All Men's Brands ,0,Not Dark Pattern,By Brand All Men's Brands
1604, School Shoes,0,Not Dark Pattern,School Shoes
1736, Price Low To High ,0,Not Dark Pattern,Price Low To High
473,"No thanks, I'll be the last to know.",1,Misdirection,"No thanks, I'll be the last to know."
917,Hugs and Kisses Rose Bouquet $44.99 Discount -$6.75 Delivery $13.99 Tax $3.46 Item Total $55.69,1,Sneaking,Hugs and Kisses Rose Bouquet $44.99 Discount -$6.75 Delivery $13.99 Tax $3.46 Item Total $55.69
543,Hurry up! Discount Ends in DAYS HRS MINS SECS,1,Urgency,Hurry up! Discount Ends in DAYS HRS MINS SECS
179, Worldwide ,0,Not Dark Pattern,Worldwide
266,715 people have added this item to cart,1,Social Proof,715 people have added this item to cart
1736, Black / White Refine by Color: Black / White ,0,Not Dark Pattern,Black / White Refine by Color: Black / White
133,RegionBracket Right,0,Not Dark Pattern,RegionBracket Right
96,Someone in Egypt bought,1,Social Proof,Someone in Egypt bought
188,"mark in richmond hill, United States purchased a Fugoo Tough 11 minutes ago",1,Social Proof,"mark in richmond hill, United States purchased a Fugoo Tough 11 minutes ago"
1604,"This genuine Spanish espadrille impressed our buyers so much they ordered them in a variety of gorgeous colours. With its uncomplicated design, plush leather sole and a practical platform wedge, you'll have a hard time getting through the warmer months without them. They're perfect for the beach, casual weekend barbeques or brunch with the girls.",0,Not Dark Pattern,"This genuine Spanish espadrille impressed our buyers so much they ordered them in a variety of gorgeous colours. With its uncomplicated design, plush leather sole and a practical platform wedge, you'll have a hard time getting through the warmer months without them. They're perfect for the beach, casual weekend barbeques or brunch with the girls."
1736,"Customize your phone with hundreds of grips, cases, wallets, and more.",0,Not Dark Pattern,"Customize your phone with hundreds of grips, cases, wallets, and more."
465,"No Thanks, I prefer paying full price.",1,Misdirection,"No Thanks, I prefer paying full price."
1604,Select your size below and we'll email you if it comes back in stock!,0,Not Dark Pattern,Select your size below and we'll email you if it comes back in stock!
714,You can either livechat or email our support team with any questions or concerns. We are always ready to help. ,0,Not Dark Pattern,You can either livechat or email our support team with any questions or concerns. We are always ready to help.
1484,Only 2 copies left,1,Scarcity,Only 2 copies left
1,Collin P. from Grandview Missouri just bought BURGUNDY TWO BUTTON SUIT ABOUT 5 SECONDS AGO,1,Social Proof,Collin P. from Grandview Missouri just bought BURGUNDY TWO BUTTON SUIT ABOUT 5 SECONDS AGO
714,Romantic Ball Gown Tulle Spaghetti Sleeveless Tier Flower Dirl Dress,0,Not Dark Pattern,Romantic Ball Gown Tulle Spaghetti Sleeveless Tier Flower Dirl Dress
610,"Hurry! Sale Ends In:

02:59:50",1,Urgency,Hurry! Sale Ends In: 02:59:50
919,"Skin Concerns: Treats mild to moderate acne (including whiteheads, blackheads, pimples, and hormonal acne) and excess oiliness.",0,Not Dark Pattern,"Skin Concerns: Treats mild to moderate acne (including whiteheads, blackheads, pimples, and hormonal acne) and excess oiliness."
782,"We are one of the best online printing technology & solution company successfully serving local and international customers to cherish the joy, love and precious moments in life with various products. Being an instrument to spread your joy and love in a beautiful way we take pride in providing the best quality services. ",0,Not Dark Pattern,"We are one of the best online printing technology & solution company successfully serving local and international customers to cherish the joy, love and precious moments in life with various products. Being an instrument to spread your joy and love in a beautiful way we take pride in providing the best quality services."
36,38 people are viewing this,1,Social Proof,38 people are viewing this
1565,10 SEATS LEFT,1,Scarcity,10 SEATS LEFT
188, Terms of Service ,0,Not Dark Pattern,Terms of Service
919,"We combined powerful, yet gentle acne-fighting ingredients with our own unique plant-based complexes to help reduce irritation and redness associated with acne and breakouts. The result? Skin that’s nourished, smooth, and most importantly, clear!",0,Not Dark Pattern,"We combined powerful, yet gentle acne-fighting ingredients with our own unique plant-based complexes to help reduce irritation and redness associated with acne and breakouts. The result? Skin that’s nourished, smooth, and most importantly, clear!"
1305,"Only 2 left, order soon",1,Scarcity,"Only 2 left, order soon"
1545,Low in stock,1,Scarcity,Low in stock
1736,Website Accessibility,0,Not Dark Pattern,Website Accessibility
249,Grocery & Liquor,0,Not Dark Pattern,Grocery & Liquor
1604, Tony Bianco ,0,Not Dark Pattern,Tony Bianco
1095,HURRY! ONLY 19 LEFT IN STOCK.,1,Scarcity,HURRY! ONLY 19 LEFT IN STOCK.
1604,Cross Body,0,Not Dark Pattern,Cross Body
782, Show Password ,0,Not Dark Pattern,Show Password
1765,Did you know that Shaver heads need replacing every 12 - 18 months? Get the Shaver Guard cleaning spray to extend its life for up to another 6 months!,1,Misdirection,Did you know that Shaver heads need replacing every 12 - 18 months? Get the Shaver Guard cleaning spray to extend its life for up to another 6 months!
116,Get it fast! 14 added to bag today,1,Social Proof,Get it fast! 14 added to bag today
1736,User interface customization persistent cookies are used to store a user’s preference regarding a service. Please note that these cookies are exempt from consent.,0,Not Dark Pattern,User interface customization persistent cookies are used to store a user’s preference regarding a service. Please note that these cookies are exempt from consent.
714,Elegant A Line Chiffon V-neck Long Sleeve Bridesmaid Dress with Pleats and Ruching,0,Not Dark Pattern,Elegant A Line Chiffon V-neck Long Sleeve Bridesmaid Dress with Pleats and Ruching
240,"Laurie in Urraween, Queensland bought No Brainer USB Charging Anti-Theft Backpack",1,Social Proof,"Laurie in Urraween, Queensland bought No Brainer USB Charging Anti-Theft Backpack"
392,"No, thanks. I'd prefer not to save.",1,Misdirection,"No, thanks. I'd prefer not to save."
251,"Someone in Vancouver, Washington purchased a Orthofeet Men's Orthotic Insoles about 38 minutes",1,Social Proof,"Someone in Vancouver, Washington purchased a Orthofeet Men's Orthotic Insoles about 38 minutes"
408,"No thanks, I want to pay full price",1,Misdirection,"No thanks, I want to pay full price"
782, Subscribe To Us Subscribe ,0,Not Dark Pattern,Subscribe To Us Subscribe
133,"Sign up for the latest updates, products and offers",0,Not Dark Pattern,"Sign up for the latest updates, products and offers"
919,Great choice!,0,Not Dark Pattern,Great choice!
1604, All Men's Brands ,0,Not Dark Pattern,All Men's Brands
919,The best!,0,Not Dark Pattern,The best!
1736, Flex Mount ,0,Not Dark Pattern,Flex Mount
133,Wall art,0,Not Dark Pattern,Wall art
714,Casual Sheath Chiffon Sequins Straps V-neck Sleeveless Bridesmaid Dress,0,Not Dark Pattern,Casual Sheath Chiffon Sequins Straps V-neck Sleeveless Bridesmaid Dress
1736,NO THANKS,1,Misdirection,NO THANKS
782, Continue with Facebook Continue with Google ,0,Not Dark Pattern,Continue with Facebook Continue with Google
1736, PopGrip Antimicrobial Refine by Product Type: PopGrip Antimicrobial ,0,Not Dark Pattern,PopGrip Antimicrobial Refine by Product Type: PopGrip Antimicrobial
1771,SUPPORT THE AMERICAN SUPRESSOR ASSOCIATION,1,Sneaking,SUPPORT THE AMERICAN SUPRESSOR ASSOCIATION
244,Someone in Pittsworth bought a Ultimate COLT Anal Training Kit 2 hours ago,1,Social Proof,Someone in Pittsworth bought a Ultimate COLT Anal Training Kit 2 hours ago
144,"Someone in Culgoa, Australia purchased Savelli Epic Mens Comfortable Leather Lace Up Boots Made In Brazil",1,Social Proof,"Someone in Culgoa, Australia purchased Savelli Epic Mens Comfortable Leather Lace Up Boots Made In Brazil"
188, Products ,0,Not Dark Pattern,Products
133,Start SellingSearchWishlistAccountCartCart,0,Not Dark Pattern,Start SellingSearchWishlistAccountCartCart
1018,Full HD 144Hz IPS Anti-Glare (1920 x 1080) FREE Upgrade (Limited time offer!),1,Urgency,Full HD 144Hz IPS Anti-Glare (1920 x 1080) FREE Upgrade (Limited time offer!)
714,Elegant A Line Short Sleeve Satin Bateau Floor-length Mother of the Bride Dress with Ribbon,0,Not Dark Pattern,Elegant A Line Short Sleeve Satin Bateau Floor-length Mother of the Bride Dress with Ribbon
1736, PopWallet+ Refine by Product Type: PopWallet+ ,0,Not Dark Pattern,PopWallet+ Refine by Product Type: PopWallet+
1736, Gold Refine by Color: Gold ,0,Not Dark Pattern,Gold Refine by Color: Gold
52,"Alyssa in San Antonio, United States purchased a iTunes Japan Gift Card 10000 JPY about 35 minutes ago",1,Social Proof,"Alyssa in San Antonio, United States purchased a iTunes Japan Gift Card 10000 JPY about 35 minutes ago"
919, Paul Henry ,0,Not Dark Pattern,Paul Henry
714,Sexy A Line Short Sleeve Sequins Off-the-shoulder Floor-length Mother of the Bride Dress with Split Front,0,Not Dark Pattern,Sexy A Line Short Sleeve Sequins Off-the-shoulder Floor-length Mother of the Bride Dress with Split Front
402,"No thanks, I don’t like saving money.",1,Misdirection,"No thanks, I don’t like saving money."
878,I accept the Terms & Conditions of the FREE Brother Care Program and agree to receive exclusive offers and general promotions from Brother. I may withdraw my consent at any time.,1,Forced Action,I accept the Terms & Conditions of the FREE Brother Care Program and agree to receive exclusive offers and general promotions from Brother. I may withdraw my consent at any time.
188, Sold out ,0,Not Dark Pattern,Sold out
1493,5 left,1,Scarcity,5 left
1612,Only 10 left in stock,1,Scarcity,Only 10 left in stock
1736,Did you know we have an app? Create shareable art and custom PopSockets designs with our unique image editing tools.,0,Not Dark Pattern,Did you know we have an app? Create shareable art and custom PopSockets designs with our unique image editing tools.
1604,Baby Size Guide,0,Not Dark Pattern,Baby Size Guide
1143,Only 1 Left in Stock!,1,Scarcity,Only 1 Left in Stock!
168,"Rick in Columbia, United States purchased a",1,Social Proof,"Rick in Columbia, United States purchased a"
1736, PopGrip MagSafe Refine by Product Type: PopGrip MagSafe ,0,Not Dark Pattern,PopGrip MagSafe Refine by Product Type: PopGrip MagSafe
192,"Someone in Chambersburg, Pennsylvania purchased",1,Social Proof,"Someone in Chambersburg, Pennsylvania purchased"
375,"No, thanks. I'd rather pay full price.",1,Misdirection,"No, thanks. I'd rather pay full price."
1604, Comfy and looks great ,0,Not Dark Pattern,Comfy and looks great
1658, newsletter signup (privacy policy) ,0,Not Dark Pattern,newsletter signup (privacy policy)
1428, #CERTIFIED_FACE_MASKS ,0,Not Dark Pattern,#CERTIFIED_FACE_MASKS
35,Someone from Norway purchased a Super FG Grater - 12x Faster - 15% OFF,1,Social Proof,Someone from Norway purchased a Super FG Grater - 12x Faster - 15% OFF
1147,87% offers claimed. Hurry up!,1,Scarcity,87% offers claimed. Hurry up!
1115,Only 11 left!,1,Scarcity,Only 11 left!
213,40 users are currently active on our website just now.,1,Social Proof,40 users are currently active on our website just now.
215,7 people looked at this product in the last 24 hours.,1,Social Proof,7 people looked at this product in the last 24 hours.
1330, Most-Hearted Styles Shop Now ,0,Not Dark Pattern,Most-Hearted Styles Shop Now
583,Discount pending $10 OFF 00:30:00,1,Urgency,Discount pending $10 OFF 00:30:00
569,Buy Wearables»,0,Not Dark Pattern,Buy Wearables»
1330,Brandon Blackwood,0,Not Dark Pattern,Brandon Blackwood
151,2 people are viewing this,1,Social Proof,2 people are viewing this
1658," This site uses cookies to provide and improve your shopping experience. If you want to benefit from this improved service, please opt-in. ",0,Not Dark Pattern,"This site uses cookies to provide and improve your shopping experience. If you want to benefit from this improved service, please opt-in."
1330,Fashion Forms,0,Not Dark Pattern,Fashion Forms
1658,"Package RecyclingWe do try when possible to reuse packaging from our own suppliers in order to send purchased items to our customers, we ask if the packaging is still in good condition after you've received your goods then please try to use it again or recycle if not possible.",0,Not Dark Pattern,"Package RecyclingWe do try when possible to reuse packaging from our own suppliers in order to send purchased items to our customers, we ask if the packaging is still in good condition after you've received your goods then please try to use it again or recycle if not possible."
1330,Lack Of Color,0,Not Dark Pattern,Lack Of Color
1428,Temporary Tattoos,0,Not Dark Pattern,Temporary Tattoos
190,Log in / Create an account,0,Not Dark Pattern,Log in / Create an account
1367,Rate & Review ,0,Not Dark Pattern,Rate & Review
1367, WANNA COLLAB? ,0,Not Dark Pattern,WANNA COLLAB?
1658,Cleaning Brushes & Tools,0,Not Dark Pattern,Cleaning Brushes & Tools
1330,Rachel Comey,0,Not Dark Pattern,Rachel Comey
569, Buy Tablets ,0,Not Dark Pattern,Buy Tablets
190,Already have an account?,0,Not Dark Pattern,Already have an account?
1369,Last chance! Only 1 left,1,Scarcity,Last chance! Only 1 left
1231,Only 3 Left!,1,Scarcity,Only 3 Left!
1433,Hurry! Only 2 left in stock!,1,Scarcity,Hurry! Only 2 left in stock!
1372,Only 1 in stock,1,Scarcity,Only 1 in stock
1330,My Story,0,Not Dark Pattern,My Story
369,I'LL PAY FULL PRICE,1,Misdirection,I'LL PAY FULL PRICE
1330, Year of Ours ,0,Not Dark Pattern,Year of Ours
1658,Gear Up,0,Not Dark Pattern,Gear Up
1330,Tretorn,0,Not Dark Pattern,Tretorn
1367, SHIPPING INFO ,0,Not Dark Pattern,SHIPPING INFO
1799,Spin to unlock your mystery offer,1,Misdirection,Spin to unlock your mystery offer
1407,Only A Few Left,1,Scarcity,Only A Few Left
569, Apple iPhone X » ,0,Not Dark Pattern,Apple iPhone X »
1428,Certified Face Masks,0,Not Dark Pattern,Certified Face Masks
1066,SAVE TODAY: Save 20% on lighting by Le Klint. Limited time only.,1,Urgency,SAVE TODAY: Save 20% on lighting by Le Klint. Limited time only.
1087,Only 1 left!,1,Scarcity,Only 1 left!
136,5 people are looking at this product right now,1,Social Proof,5 people are looking at this product right now
1330,Nicholas Kirkwood,0,Not Dark Pattern,Nicholas Kirkwood
1367,Cowgirls,0,Not Dark Pattern,Cowgirls
884,"There is no commitment and no minimum to buy. Please note exact shipment times may vary. To customize this program or future shipments, call customer service anytime at 1-800-THICKEN (844-2536).",1,Obstruction,"There is no commitment and no minimum to buy. Please note exact shipment times may vary. To customize this program or future shipments, call customer service anytime at 1-800-THICKEN (844-2536)."
236,22 people have looked at this part recently,1,Social Proof,22 people have looked at this part recently
1093,89% offers claimed. Hurry up!,1,Scarcity,89% offers claimed. Hurry up!
269,"Nancy in Pennsylvania purchased 24"" Italian Sterling Silver Milano Twist Adjustable Chain",1,Social Proof,"Nancy in Pennsylvania purchased 24"" Italian Sterling Silver Milano Twist Adjustable Chain"
1714,"No thanks, I just want the item",1,Misdirection,"No thanks, I just want the item"
1330,Victoria Victoria Beckham,0,Not Dark Pattern,Victoria Victoria Beckham
1330, Rain Boots ,0,Not Dark Pattern,Rain Boots
1227,only 2 left in stock,1,Scarcity,only 2 left in stock
1205,"Size low on stock, only 1 item left",1,Scarcity,"Size low on stock, only 1 item left"
1052,"Now 20% off, hurry limited time offer!",1,Urgency,"Now 20% off, hurry limited time offer!"
1008,Limited Time Offer!,1,Urgency,Limited Time Offer!
1658, View All Parts ,0,Not Dark Pattern,View All Parts
1480,Newborn & InfantYouthAdjustableFlexSnapbacksSale Items- View All -,0,Not Dark Pattern,Newborn & InfantYouthAdjustableFlexSnapbacksSale Items- View All -
1203,Only 1 left in stock.,1,Scarcity,Only 1 left in stock.
1658,Mechanic's Wear,0,Not Dark Pattern,Mechanic's Wear
1692,ONLY 11 LEFT,1,Scarcity,ONLY 11 LEFT
534,Work With More Buyers And Sellers?,0,Not Dark Pattern,Work With More Buyers And Sellers?
534,Build your own powerful multi-vendor marketplace website,0,Not Dark Pattern,Build your own powerful multi-vendor marketplace website
1167,Powered by,0,Not Dark Pattern,Powered by
1480,JerseysPantsSleepwear & UnderwearSwim CollectionT-ShirtsSale Items- View All -,0,Not Dark Pattern,JerseysPantsSleepwear & UnderwearSwim CollectionT-ShirtsSale Items- View All -
1297,JUST 1 LEFT!,1,Scarcity,JUST 1 LEFT!
1222,"Don't miss out, only 2 left in stock",1,Scarcity,"Don't miss out, only 2 left in stock"
1729,Lenscap: Damage Only,1,Misdirection,Lenscap: Damage Only
190, Shop ,0,Not Dark Pattern,Shop
1658,Muc-Off,0,Not Dark Pattern,Muc-Off
1330, All Shoes ,0,Not Dark Pattern,All Shoes
1367, Also notify me about New Arrivals! ,0,Not Dark Pattern,Also notify me about New Arrivals!
619,ENDS IN - Flash Offer - TWO PAIRS OF SHOES FOR $319 PROMO CODE AUTO-APPLIED AT CHECKOUT! 0 Days : 16 Hours : 09 Minutes : 57 Seconds,1,Urgency,ENDS IN - Flash Offer - TWO PAIRS OF SHOES FOR $319 PROMO CODE AUTO-APPLIED AT CHECKOUT! 0 Days : 16 Hours : 09 Minutes : 57 Seconds
1658,ROAD CLOTHING,0,Not Dark Pattern,ROAD CLOTHING
190,Shoes & Clothing,0,Not Dark Pattern,Shoes & Clothing
1428,Lifestyle / Music,0,Not Dark Pattern,Lifestyle / Music
569,Contract free,0,Not Dark Pattern,Contract free
684,0:44:56,1,Urgency,0:44:56
1055,Limited time offer.,1,Urgency,Limited time offer.
289,"Tambria in Hattiesburg just bought Peruvian Virgin Natural Wave Hair 3 Bundles with Lace Frontal, 100% Human Virgin Hair ",1,Social Proof,"Tambria in Hattiesburg just bought Peruvian Virgin Natural Wave Hair 3 Bundles with Lace Frontal, 100% Human Virgin Hair"
1428,Combination,0,Not Dark Pattern,Combination
1167,LESS THAN 5 LEFT!,1,Scarcity,LESS THAN 5 LEFT!
190,7 sold in the last 48 hours,1,Social Proof,7 sold in the last 48 hours
185,"Joe M from , Bought a Cartoon Caterpillar Rigged 3D Model Recently",1,Social Proof,"Joe M from , Bought a Cartoon Caterpillar Rigged 3D Model Recently"
1367,ONLY 2 LEFT,1,Scarcity,ONLY 2 LEFT
595,Please Order Within: 0 0 : 0 2 : 4 1 : 10 65,1,Urgency,Please Order Within: 0 0 : 0 2 : 4 1 : 10 65
378,"Nah, I'll pay full price",1,Misdirection,"Nah, I'll pay full price"
265,"2,229 people have viewed this item",1,Social Proof,"2,229 people have viewed this item"
1127,Only 2 units left!,1,Scarcity,Only 2 units left!
951,"An item you ordered is in high demand. No worries, we have prioritized your order.",1,Scarcity,"An item you ordered is in high demand. No worries, we have prioritized your order."
1212,Only 1 Left !,1,Scarcity,Only 1 Left !
67,117 people have viewed this item in the last 7 days.,1,Social Proof,117 people have viewed this item in the last 7 days.
534, Landofcoder can power almost ANY marketplace you think of,0,Not Dark Pattern,Landofcoder can power almost ANY marketplace you think of
1282,"HURRY, ONLY 1 LEFT!",1,Scarcity,"HURRY, ONLY 1 LEFT!"
205,#6 Bestseller in Rugs This item was viewed 92 times in the last day.,1,Social Proof,#6 Bestseller in Rugs This item was viewed 92 times in the last day.
1330,Free People,0,Not Dark Pattern,Free People
241,"Carol in St. Louis, Missouri bought Original USB Charging Anti-Theft Backpack",1,Social Proof,"Carol in St. Louis, Missouri bought Original USB Charging Anti-Theft Backpack"
1658,Hurry Low Stock,1,Scarcity,Hurry Low Stock
1428,Lip Balms & Treatments,0,Not Dark Pattern,Lip Balms & Treatments
1658,View All Bearings,0,Not Dark Pattern,View All Bearings
1715,Personalize your doll,1,Misdirection,Personalize your doll
1367,The Wizard of Oz,0,Not Dark Pattern,The Wizard of Oz
954,"Sorry, this is out of stock. You just missed it.",1,Scarcity,"Sorry, this is out of stock. You just missed it."
380,No thanks. I don’t want to save money.,1,Misdirection,No thanks. I don’t want to save money.
1330,TRE by Natalie Ratabesi,0,Not Dark Pattern,TRE by Natalie Ratabesi
1658,"Sign Up To Our Newsletter To Receive News, Offers And Promotions.",0,Not Dark Pattern,"Sign Up To Our Newsletter To Receive News, Offers And Promotions."
451,"No thanks, I don't want discount",1,Misdirection,"No thanks, I don't want discount"
1032,"$3,159.20 $3,949.00 Limited time only",1,Urgency,"$3,159.20 $3,949.00 Limited time only"
1330,Just BEE Queen,0,Not Dark Pattern,Just BEE Queen
1330,Swedish Hasbeens,0,Not Dark Pattern,Swedish Hasbeens
773,1DAYS 04 HOURS 17 MINUTES 18 SECONDS,1,Urgency,1DAYS 04 HOURS 17 MINUTES 18 SECONDS
569,Return my item,0,Not Dark Pattern,Return my item
223,127 People viewed this product this week,1,Social Proof,127 People viewed this product this week
1330,Only 2 left.,1,Scarcity,Only 2 left.
569, Why buy from us ,0,Not Dark Pattern,Why buy from us
1330,What's New By Category,0,Not Dark Pattern,What's New By Category
114,"Jeremy in Warroad, United States purchased a",1,Social Proof,"Jeremy in Warroad, United States purchased a"
1658,Casual Wear,0,Not Dark Pattern,Casual Wear
569, Microsoft Xbox One S Wireless Controller » ,0,Not Dark Pattern,Microsoft Xbox One S Wireless Controller »
1264,ONLY 8 LEFT,1,Scarcity,ONLY 8 LEFT
66,Use the domain shortly after payment,0,Not Dark Pattern,Use the domain shortly after payment
315,"No, I'll rather pay full price.",1,Misdirection,"No, I'll rather pay full price."
1434,Your shopping bag is empty...,0,Not Dark Pattern,Your shopping bag is empty...
664, Chargers ,0,Not Dark Pattern,Chargers
66,Pick the price that matches your budget. ,0,Not Dark Pattern,Pick the price that matches your budget.
1317, Moonstone Beads ,0,Not Dark Pattern,Moonstone Beads
1247,Only 1 Item(s) left,1,Scarcity,Only 1 Item(s) left
1317, Amethyst Beads ,0,Not Dark Pattern,Amethyst Beads
825,HURRY UP > 09H 42M 39S,1,Urgency,HURRY UP > 09H 42M 39S
1749,Subscribe & Save,1,Misdirection,Subscribe & Save
181,57 PEOPLE HAVE LOOKED AT THIS TODAY,1,Social Proof,57 PEOPLE HAVE LOOKED AT THIS TODAY
1304,Printed ,0,Not Dark Pattern,Printed
1263,only 5 left,1,Scarcity,only 5 left
43,78 Persons looking for this product,1,Social Proof,78 Persons looking for this product
766,Universal Fit Collapsible Smart Phone Stand,0,Not Dark Pattern,Universal Fit Collapsible Smart Phone Stand
1304,Product Feature,0,Not Dark Pattern,Product Feature
1317,Parad Combo Deals ,0,Not Dark Pattern,Parad Combo Deals
1317, Cat's Eye Beads ,0,Not Dark Pattern,Cat's Eye Beads
443,No thanks. I don’t want deals.,1,Misdirection,No thanks. I don’t want deals.
930,"1 Netflix offer: Not available to customers with an active Netflix offer from Vodafone. Available only on Red+ Lite, Unlimited, Red+ Essentials and Red+ until the 8th of August 2019. Exit fee of $60 applies if you exit or transfer your plan before 6 months. Plan exit fees may also apply. Netflix Offer: One year Netflix ‘Standard’ plan ($14.99 a month) credit will be applied to your Netflix account on activation. At the end of your credit, you will be charged at your Netflix plan rate unless you cancel your Netflix subscription. Cancel Netflix at any time. Netflix compatible device required. See eligible plans and full Netflix terms.",1,Sneaking,"1 Netflix offer: Not available to customers with an active Netflix offer from Vodafone. Available only on Red+ Lite, Unlimited, Red+ Essentials and Red+ until the 8th of August 2019. Exit fee of $60 applies if you exit or transfer your plan before 6 months. Plan exit fees may also apply. Netflix Offer: One year Netflix ‘Standard’ plan ($14.99 a month) credit will be applied to your Netflix account on activation. At the end of your credit, you will be charged at your Netflix plan rate unless you cancel your Netflix subscription. Cancel Netflix at any time. Netflix compatible device required. See eligible plans and full Netflix terms."
3,Sharmeen Atif From Karachi just bought Stylish Metal Glasses Frames For Kids-Assorted-NA7157,1,Social Proof,Sharmeen Atif From Karachi just bought Stylish Metal Glasses Frames For Kids-Assorted-NA7157
664,"› New Year, New Kit Sale",0,Not Dark Pattern,"› New Year, New Kit Sale"
66,"Jamie in Nashville, United States purchased",1,Social Proof,"Jamie in Nashville, United States purchased"
163,"Denise in Saluda, Virginia bought Terani Couture - 1911E9095 Embroidered Asymmetric Neck Mermaid Gown",1,Social Proof,"Denise in Saluda, Virginia bought Terani Couture - 1911E9095 Embroidered Asymmetric Neck Mermaid Gown"
953,This item is in high demand.,1,Scarcity,This item is in high demand.
719,JFN V Neck Lace Cut-Out Basic T-Shirt/Tee,0,Not Dark Pattern,JFN V Neck Lace Cut-Out Basic T-Shirt/Tee
766,or,0,Not Dark Pattern,or
257,"Shopper from Saint John, NB viewed Lenovo ThinkCentre M710t 10M9000RUS Desktop Computer 3 minutes ago!",1,Social Proof,"Shopper from Saint John, NB viewed Lenovo ThinkCentre M710t 10M9000RUS Desktop Computer 3 minutes ago!"
1434, Circa Punches ,0,Not Dark Pattern,Circa Punches
585,02:06:40 left to buy,1,Urgency,02:06:40 left to buy
1787,LOGIN/REGISTER,1,Misdirection,LOGIN/REGISTER
1295,Only 3 left In Stock,1,Scarcity,Only 3 left In Stock
882,"You may change the items in your order, or cancel the Smartship at anytime, up until 3 days prior to the scheduled ship date of your Smartship by calling Customer Service at 1-800-518-0284.",1,Obstruction,"You may change the items in your order, or cancel the Smartship at anytime, up until 3 days prior to the scheduled ship date of your Smartship by calling Customer Service at 1-800-518-0284."
879,I would like to join Backstage Pass & agree to the Terms & Conditions & to receive emails & other promotional offers.,1,Forced Action,I would like to join Backstage Pass & agree to the Terms & Conditions & to receive emails & other promotional offers.
80,"Bobby in Decatur, United States just purchased",1,Social Proof,"Bobby in Decatur, United States just purchased"
112,"tuvia eisenberg Systematics in Tel Aviv, Israel purchased a",1,Social Proof,"tuvia eisenberg Systematics in Tel Aviv, Israel purchased a"
135,104 people viewed this product recently!,1,Social Proof,104 people viewed this product recently!
1434, Crossbody & Belt Bags ,0,Not Dark Pattern,Crossbody & Belt Bags
1317,"Metal - Brass , hollow from inside ",0,Not Dark Pattern,"Metal - Brass , hollow from inside"
664,• State-by-State Restrictions,0,Not Dark Pattern,• State-by-State Restrictions
10,"Crystal Li in Flushing, United States purchased a",1,Social Proof,"Crystal Li in Flushing, United States purchased a"
180,"Jeremy in Stockton, United States purchased a",1,Social Proof,"Jeremy in Stockton, United States purchased a"
1317, Alchemy Books ,0,Not Dark Pattern,Alchemy Books
719,JFN Ladies Flat Embroidered Slip-On Dirty Shoes Vintage Thong Sandals,0,Not Dark Pattern,JFN Ladies Flat Embroidered Slip-On Dirty Shoes Vintage Thong Sandals
1043,Limited Time!,1,Urgency,Limited Time!
1317, Rudraksha Recommendations ,0,Not Dark Pattern,Rudraksha Recommendations
766,Solar Powered Paw Print Ground Light,0,Not Dark Pattern,Solar Powered Paw Print Ground Light
1317,Crystal Shivlingas ,0,Not Dark Pattern,Crystal Shivlingas
1380,ONLY 1 LEFT IN STOCK,1,Scarcity,ONLY 1 LEFT IN STOCK
1130,There is only one product left!,1,Scarcity,There is only one product left!
1388,1 left in stock. Hurry!,1,Scarcity,1 left in stock. Hurry!
719,JFN Crew Neck Floral Vacation T-Shirt/Tee,0,Not Dark Pattern,JFN Crew Neck Floral Vacation T-Shirt/Tee
766, Indoor Festive Lights ,0,Not Dark Pattern,Indoor Festive Lights
1317,Only 7 left!,1,Scarcity,Only 7 left!
68,"Sabrina in Paraparaumu, New Zealand purchased a SCHO-KA-KOLA Schokakola energy Chocolate caffeine snack food MRE caffeinated ",1,Social Proof,"Sabrina in Paraparaumu, New Zealand purchased a SCHO-KA-KOLA Schokakola energy Chocolate caffeine snack food MRE caffeinated"
1295,Select Your Year,0,Not Dark Pattern,Select Your Year
1317, Brass Shankh ,0,Not Dark Pattern,Brass Shankh
971,IN HIGH DEMAND!,1,Scarcity,IN HIGH DEMAND!
1526,Only 3 Left In Stock,1,Scarcity,Only 3 Left In Stock
1304,Free Shipping*,0,Not Dark Pattern,Free Shipping*
342,"No thanks, I hate saving money",1,Misdirection,"No thanks, I hate saving money"
1518,Only a few left of this product!,1,Scarcity,Only a few left of this product!
719,JFN Scallop V Neck Solid Casual T-Shirt/Tee,0,Not Dark Pattern,JFN Scallop V Neck Solid Casual T-Shirt/Tee
429,"No Thanks, I don't like free stuff.",1,Misdirection,"No Thanks, I don't like free stuff."
386,"No thanks, I don't want any deals",1,Misdirection,"No thanks, I don't want any deals"
1622,Only: 9 in stock now,1,Scarcity,Only: 9 in stock now
1299,LESS THAN 8 LEFT IN STOCK!,1,Scarcity,LESS THAN 8 LEFT IN STOCK!
66, Businesses in the EU buying from a business in the same country are also charged VAT.,0,Not Dark Pattern,Businesses in the EU buying from a business in the same country are also charged VAT.
1317, ॐ Welcome to Devshoppe Sign In or Create an Account ,0,Not Dark Pattern,ॐ Welcome to Devshoppe Sign In or Create an Account
1317, Temple Locks ,0,Not Dark Pattern,Temple Locks
296,Sara from Philadelphia just saved $68 on her order.,1,Social Proof,Sara from Philadelphia just saved $68 on her order.
766, Payment Methods ,0,Not Dark Pattern,Payment Methods
1792,I already have this item. Do not add this to cart,1,Misdirection,I already have this item. Do not add this to cart
1317, Gemstone softwares ,0,Not Dark Pattern,Gemstone softwares
1304,Feeding Nightwear,0,Not Dark Pattern,Feeding Nightwear
825,Work Solid Simple Crew Neck Half Sleeve Top,0,Not Dark Pattern,Work Solid Simple Crew Neck Half Sleeve Top
66,Estimated VAT overview,0,Not Dark Pattern,Estimated VAT overview
1317, Kyanite Beads ,0,Not Dark Pattern,Kyanite Beads
44,"Jim in Houston, USA purchased Pure Ratios: Hemp Oil CBD Patch (40mg CBD)",1,Social Proof,"Jim in Houston, USA purchased Pure Ratios: Hemp Oil CBD Patch (40mg CBD)"
1304,Long Sleeves Nightwear,0,Not Dark Pattern,Long Sleeves Nightwear
1200,"HURRY, THERE ARE ONLY 9 ITEM(S) LEFT!",1,Scarcity,"HURRY, THERE ARE ONLY 9 ITEM(S) LEFT!"
1275,Only 5 left,1,Scarcity,Only 5 left
1304,Body Washes,0,Not Dark Pattern,Body Washes
1304,Cracked Nipples,0,Not Dark Pattern,Cracked Nipples
889,"If you wish to cancel a membership, please contact our Customer Services Department on UK: +44 808 164 8264 (standard local call charges will apply) or via email on customer.service@beautypie.com. You can also contact the Customer Services Department by post at: Beauty Pie Limited, Customer Service Department, The Point, 210 New Kings Road, London SW6 5NZ, United Kingdom. Please quote your order number in all correspondence.",1,Obstruction,"If you wish to cancel a membership, please contact our Customer Services Department on UK: +44 808 164 8264 (standard local call charges will apply) or via email on customer.service@beautypie.com. You can also contact the Customer Services Department by post at: Beauty Pie Limited, Customer Service Department, The Point, 210 New Kings Road, London SW6 5NZ, United Kingdom. Please quote your order number in all correspondence."
1702,FOR THE ULTIMATE EXPERIENCE: (Can select more than one),1,Misdirection,FOR THE ULTIMATE EXPERIENCE: (Can select more than one)
66, All consumers in the EU are charged VAT on the purchase of goods and services.,0,Not Dark Pattern,All consumers in the EU are charged VAT on the purchase of goods and services.
1317, No reviews yet Write a review ,0,Not Dark Pattern,No reviews yet Write a review
349,"NO THANKS, I DON'T WANT TO SAVE MONEY",1,Misdirection,"NO THANKS, I DON'T WANT TO SAVE MONEY"
1304,Nighty For Honeymoon,0,Not Dark Pattern,Nighty For Honeymoon
664,Shop All Vape Kits,0,Not Dark Pattern,Shop All Vape Kits
911,"How do I cancel my membership? We are confident you will enjoy your Premium Membership. If for any reason you are not completely satisfied within the first 30 days of your paid Annual Membership, we will refund 100% of your membership fee no questions asked. After 30 days we will refund your membership fee on a pro-rated basis. There are no refunds on Monthly Memberships. To obtain a refund, please contact us at 1-855-253-0822 or by email at wwgoasubscription@program-director.net.",1,Obstruction,"How do I cancel my membership? We are confident you will enjoy your Premium Membership. If for any reason you are not completely satisfied within the first 30 days of your paid Annual Membership, we will refund 100% of your membership fee no questions asked. After 30 days we will refund your membership fee on a pro-rated basis. There are no refunds on Monthly Memberships. To obtain a refund, please contact us at 1-855-253-0822 or by email at wwgoasubscription@program-director.net."
319,"No thanks, I’ll skip this amazing super-saver deal. I don’t need so many beautiful textures",1,Misdirection,"No thanks, I’ll skip this amazing super-saver deal. I don’t need so many beautiful textures"
825,Vacation One Shoulder Loosen Long Sleeve Woven Dress,0,Not Dark Pattern,Vacation One Shoulder Loosen Long Sleeve Woven Dress
66,Lease to Own conditions,0,Not Dark Pattern,Lease to Own conditions
211,156 sold in last 24 hours,1,Social Proof,156 sold in last 24 hours
707,Offer ends 0Hours:04Minutes:46Seconds,1,Urgency,Offer ends 0Hours:04Minutes:46Seconds
1317,Crystal Lotus Sriyantras ,0,Not Dark Pattern,Crystal Lotus Sriyantras
1304,Hair Care Remedies,0,Not Dark Pattern,Hair Care Remedies
1304,Colors,0,Not Dark Pattern,Colors
282,"Someone in Petaling Jaya, Malaysia just bought SNEAKERGUARD Midsole Paint Marker - BOOST White",1,Social Proof,"Someone in Petaling Jaya, Malaysia just bought SNEAKERGUARD Midsole Paint Marker - BOOST White"
825,Influencer Program,0,Not Dark Pattern,Influencer Program
1483,3 LEFT,1,Scarcity,3 LEFT
664, VUSE Alto Menthol Pods ,0,Not Dark Pattern,VUSE Alto Menthol Pods
1317, Crystal Beads ,0,Not Dark Pattern,Crystal Beads
1546,Only 5 pcs left!,1,Scarcity,Only 5 pcs left!
693,Complete your purchase within the next 12:18 minutes and receive 10% off,1,Urgency,Complete your purchase within the next 12:18 minutes and receive 10% off
1613,3 Left,1,Scarcity,3 Left
664," Synthetic nicotine | Strawberry, kiwi & pomegranate ",0,Not Dark Pattern,"Synthetic nicotine | Strawberry, kiwi & pomegranate"
664,› Sub Ohm Juice,0,Not Dark Pattern,› Sub Ohm Juice
766,Retro Cordless Edison Bulb Lamp,0,Not Dark Pattern,Retro Cordless Edison Bulb Lamp
1022,FREE SHIPPING // FOR A LIMITED TIME ONLY,1,Urgency,FREE SHIPPING // FOR A LIMITED TIME ONLY
897,"If your JR Plus membership has renewed automatically, you have seven (7) days after payment is taken to cancel your annual membership. You must contact Customer Service at (888) 574-3576 within this window and not have made any eligible purchase using the JR Plus service. You will then be provided with a full refund of your membership fee for the renewal year and the JR Plus service will be cancelled from your account. If you cancel during any renewal year after the seven (7) day window expires, you are not entitled to any refund of the renewal fee, even if you have not made any eligible purchase during the renewal term.",1,Obstruction,"If your JR Plus membership has renewed automatically, you have seven (7) days after payment is taken to cancel your annual membership. You must contact Customer Service at (888) 574-3576 within this window and not have made any eligible purchase using the JR Plus service. You will then be provided with a full refund of your membership fee for the renewal year and the JR Plus service will be cancelled from your account. If you cancel during any renewal year after the seven (7) day window expires, you are not entitled to any refund of the renewal fee, even if you have not made any eligible purchase during the renewal term."
1317, Books About Indian Culture ,0,Not Dark Pattern,Books About Indian Culture
164,"Mher from San Angelo, TX Recently made a purchase with Crossrope",1,Social Proof,"Mher from San Angelo, TX Recently made a purchase with Crossrope"
1304, Bra Panty Set ,0,Not Dark Pattern,Bra Panty Set
1425,"To start your return, simply click on the following button and add your return details. Once the form is filled, you will receive an email with shipping instructions for how to ship the item(s) to our warehouse.",0,Not Dark Pattern,"To start your return, simply click on the following button and add your return details. Once the form is filled, you will receive an email with shipping instructions for how to ship the item(s) to our warehouse."
833,Girls Trousers,0,Not Dark Pattern,Girls Trousers
1459,Office Supplies & Decor,0,Not Dark Pattern,Office Supplies & Decor
1425,Search Result:Search Results: ,0,Not Dark Pattern,Search Result:Search Results:
1446, Netherlands Antilles USD,0,Not Dark Pattern,Netherlands Antilles USD
1051,Switchers,0,Not Dark Pattern,Switchers
79,"Long Dress Style Beach Cover Up With Lace Detail Jessica in Metairie, United States",1,Social Proof,"Long Dress Style Beach Cover Up With Lace Detail Jessica in Metairie, United States"
1332,Limited quantity remaining,1,Scarcity,Limited quantity remaining
1424,2 LEFT,1,Scarcity,2 LEFT
1343,| Add to Compare,0,Not Dark Pattern,| Add to Compare
61, Eye Protection,0,Not Dark Pattern,Eye Protection
1450,Going Fast: Limited Quantities Left!,1,Scarcity,Going Fast: Limited Quantities Left!
1446,Free Embroidery Patterns,0,Not Dark Pattern,Free Embroidery Patterns
1174, EVO SP All EVO SP parts and accessories ,0,Not Dark Pattern,EVO SP All EVO SP parts and accessories
1446, Cayman Islands USD,0,Not Dark Pattern,Cayman Islands USD
833,Delivery & Offers Terms,0,Not Dark Pattern,Delivery & Offers Terms
1005,Sale ends soon:,1,Urgency,Sale ends soon:
1446, Mixed Media ,0,Not Dark Pattern,Mixed Media
1446, Jersey GBP,0,Not Dark Pattern,Jersey GBP
401,I'd rather pay full price,1,Misdirection,I'd rather pay full price
347,"No, I don't want a discount",1,Misdirection,"No, I don't want a discount"
1051,SAVE $300.00\nfor limited time,1,Urgency,SAVE $300.00\nfor limited time
1446,How to cast on,0,Not Dark Pattern,How to cast on
293,2+ people just viewed this product,1,Social Proof,2+ people just viewed this product
1146,Status:Only 3 left in stock,1,Scarcity,Status:Only 3 left in stock
1446,Tapestry Guide,0,Not Dark Pattern,Tapestry Guide
1459,Decades Shop,0,Not Dark Pattern,Decades Shop
1446,Only 2 left in stock!,1,Scarcity,Only 2 left in stock!
1446,All Cross Stitch Patterns,0,Not Dark Pattern,All Cross Stitch Patterns
1051,Accuscreens,0,Not Dark Pattern,Accuscreens
1051, BACK TO TOP ,0,Not Dark Pattern,BACK TO TOP
1232,ONLY 1 LEFT,1,Scarcity,ONLY 1 LEFT
833, Get The Look The Full Story Shop Now Read More ,0,Not Dark Pattern,Get The Look The Full Story Shop Now Read More
75,In other users' carts 59,1,Social Proof,In other users' carts 59
1588,Clearance! Only 4 left in stock.,1,Scarcity,Clearance! Only 4 left in stock.
153,Someone in Yanchep bought a 52mm Mechanical 'Performance' Boost Gauge - Blue/White 9 seconds ago,1,Social Proof,Someone in Yanchep bought a 52mm Mechanical 'Performance' Boost Gauge - Blue/White 9 seconds ago
61, Tires,0,Not Dark Pattern,Tires
1051,Photography Projector,0,Not Dark Pattern,Photography Projector
1672,Availability: In Stock Hurry! Only 8 Left!,1,Scarcity,Availability: In Stock Hurry! Only 8 Left!
1446,Christmas Craft Ideas,0,Not Dark Pattern,Christmas Craft Ideas
286,"Trey in Sparta, United States purchased Stealth Angel Ultra Lightweight & Portable Sleeping Bag about 45 minutes ago",1,Social Proof,"Trey in Sparta, United States purchased Stealth Angel Ultra Lightweight & Portable Sleeping Bag about 45 minutes ago"
769,Flash Sale - Almost Over! 00 HOURS : 55 1001 MINUTES : 0550 8778 SECONDS,1,Urgency,Flash Sale - Almost Over! 00 HOURS : 55 1001 MINUTES : 0550 8778 SECONDS
1446,Candy Melts,0,Not Dark Pattern,Candy Melts
1221,Only 7 in Stock!,1,Scarcity,Only 7 in Stock!
604,00 HRS 57 MINS 56 SECS,1,Urgency,00 HRS 57 MINS 56 SECS
1051,Shop all interactive whiteboards,0,Not Dark Pattern,Shop all interactive whiteboards
1343, Home » ,0,Not Dark Pattern,Home »
891,"To cancel your order before it ships, call us.",1,Obstruction,"To cancel your order before it ships, call us."
92,More than 752 users are adding shapewear to their cart. Is your size left?,1,Social Proof,More than 752 users are adding shapewear to their cart. Is your size left?
1279,"Only 1 left , In Stock",1,Scarcity,"Only 1 left , In Stock"
1446,Wedding Cross Stich & Embroidery Patterns,0,Not Dark Pattern,Wedding Cross Stich & Embroidery Patterns
1459,Mary Janes,0,Not Dark Pattern,Mary Janes
1481,Anaheim DucksArizona CoyotesCalgary FlamesChicago BlackhawksColorado AvalancheDallas StarsEdmonton OilersLos Angeles KingsMinnesota Wild,0,Not Dark Pattern,Anaheim DucksArizona CoyotesCalgary FlamesChicago BlackhawksColorado AvalancheDallas StarsEdmonton OilersLos Angeles KingsMinnesota Wild
1174,Only 14 left,1,Scarcity,Only 14 left
1252,ONLY 5 LEFT IN STOCK,1,Scarcity,ONLY 5 LEFT IN STOCK
1446,Crochet Baby Patterns,0,Not Dark Pattern,Crochet Baby Patterns
61, Lighting,0,Not Dark Pattern,Lighting
1481,Less than 10 left!,1,Scarcity,Less than 10 left!
1343,Anniversary Gifts by Year,0,Not Dark Pattern,Anniversary Gifts by Year
1446,All Scrapbooking Supplies,0,Not Dark Pattern,All Scrapbooking Supplies
1555,"Only 3 left , In Stock",1,Scarcity,"Only 3 left , In Stock"
1054,LIMITED TIME OFFER MEN'S CHINOS & 5-POCKET PANTS BUY 2 FOR $59.90 EACH SHOP NOW,1,Urgency,LIMITED TIME OFFER MEN'S CHINOS & 5-POCKET PANTS BUY 2 FOR $59.90 EACH SHOP NOW
1459, ALL SALE ,0,Not Dark Pattern,ALL SALE
833,Countdown,0,Not Dark Pattern,Countdown
1174,Tactical Rifles,0,Not Dark Pattern,Tactical Rifles
61,"Howdy stranger, looks like your trail has hit a dead end.",0,Not Dark Pattern,"Howdy stranger, looks like your trail has hit a dead end."
833,Stone Island Junior,0,Not Dark Pattern,Stone Island Junior
1131,Limited Stock!,1,Scarcity,Limited Stock!
268,12 customers viewed this product today!,1,Social Proof,12 customers viewed this product today!
1354,Only 9 units left in stock online.,1,Scarcity,Only 9 units left in stock online.
61,"Marc in Newton, United States purchasedKTM Stand Plate Large KTM...",1,Social Proof,"Marc in Newton, United States purchasedKTM Stand Plate Large KTM..."
552,Cart will expire in 08:19 minutes!,1,Urgency,Cart will expire in 08:19 minutes!
1446,Baby Cross Stitch & Embroidery Patterns,0,Not Dark Pattern,Baby Cross Stitch & Embroidery Patterns
555,SAVE $200 OFF PUFFY,1,Urgency,SAVE $200 OFF PUFFY
385,"No thanks, I'll still want to pay full price",1,Misdirection,"No thanks, I'll still want to pay full price"
1705,Customer also shopped for,1,Misdirection,Customer also shopped for
1360,Only 4 left in this size!,1,Scarcity,Only 4 left in this size!
196,Chirag in Anoopshahr just got the JAYS - a-JAYS One+ about 17 minutes ago,1,Social Proof,Chirag in Anoopshahr just got the JAYS - a-JAYS One+ about 17 minutes ago
1682,Hurry up! Only 4 left in stock,1,Scarcity,Hurry up! Only 4 left in stock
1625,Only 1 item(s) left in stock,1,Scarcity,Only 1 item(s) left in stock
833,Holland Cooper,0,Not Dark Pattern,Holland Cooper
201,Someone in Louisville Kentucky United States Purchased Gold Presidential Bracelet With Watch Buckle 9 hours ago,1,Social Proof,Someone in Louisville Kentucky United States Purchased Gold Presidential Bracelet With Watch Buckle 9 hours ago
1343,Tight Bud,0,Not Dark Pattern,Tight Bud
1459,Oxfords & Loafers,0,Not Dark Pattern,Oxfords & Loafers
1343,Different Types of Gold,0,Not Dark Pattern,Different Types of Gold
1459, Tights ,0,Not Dark Pattern,Tights
1075,Only 2 left in stock,1,Scarcity,Only 2 left in stock
1019,On Sale! Limited Time Offer!,1,Urgency,On Sale! Limited Time Offer!
1459,Bath Decor,0,Not Dark Pattern,Bath Decor
33,218 people have added this item to cart,1,Social Proof,218 people have added this item to cart
1448,QUICK! ONLY 1 LEFT IN STOCK,1,Scarcity,QUICK! ONLY 1 LEFT IN STOCK
1343,THE SET INCLUDES:,0,Not Dark Pattern,THE SET INCLUDES:
1446,Embossing Powder,0,Not Dark Pattern,Embossing Powder
1343,Platinum-Dipped Rose,0,Not Dark Pattern,Platinum-Dipped Rose
7,Jamie from Eloy United States purchased a CBD Oil Vape Additives 4 Pack About 7 hours ago,1,Social Proof,Jamie from Eloy United States purchased a CBD Oil Vape Additives 4 Pack About 7 hours ago
833,All Girls Clothing,0,Not Dark Pattern,All Girls Clothing
45,"Tyler in Norwalk, United States purchased a",1,Social Proof,"Tyler in Norwalk, United States purchased a"
1342,(Only 1 left!),1,Scarcity,(Only 1 left!)
1091,Only 14 left in stock,1,Scarcity,Only 14 left in stock
1051,Other Applications,0,Not Dark Pattern,Other Applications
833,Barbour International,0,Not Dark Pattern,Barbour International
1797,I wish to Start Shopping but I don't want to receive daily email alerts about your amazing discounts on luxury brands.,1,Misdirection,I wish to Start Shopping but I don't want to receive daily email alerts about your amazing discounts on luxury brands.
1154,Only 1 left in stock - Order soon,1,Scarcity,Only 1 left in stock - Order soon
546,EXTRA -30% OFF WITH CODE: EXTRA30 Ends in: 0 0 0 0 days 0 0 4 4 hours . 0 0 9 9 min . 2 2 8 8 sec,1,Urgency,EXTRA -30% OFF WITH CODE: EXTRA30 Ends in: 0 0 0 0 days 0 0 4 4 hours . 0 0 9 9 min . 2 2 8 8 sec
1134,Only 69 left!,1,Scarcity,Only 69 left!
1343,Graduations,0,Not Dark Pattern,Graduations
1532,Only 2 Left in Stock,1,Scarcity,Only 2 Left in Stock
222,"Someone in Joliet, Illinois purchased a Yocan Evolve Plus XL Vaporizer",1,Social Proof,"Someone in Joliet, Illinois purchased a Yocan Evolve Plus XL Vaporizer"
1446,Floral Cross Stitch & Embroidery Kits,0,Not Dark Pattern,Floral Cross Stitch & Embroidery Kits
833,Manage Consent Preferences,0,Not Dark Pattern,Manage Consent Preferences
1302,Availability: Low Stock,1,Scarcity,Availability: Low Stock
833,+ Performance Cookies,0,Not Dark Pattern,+ Performance Cookies
1683,Hurry! Only 7 left in stock.,1,Scarcity,Hurry! Only 7 left in stock.
196,Welcome Newcomer,0,Not Dark Pattern,Welcome Newcomer
1459,Hurry! Only 1 left!,1,Scarcity,Hurry! Only 1 left!
900,You may cancel your membership at any time by calling us at at 855-861-2573 (6:00AM – 5:00PM PST) or by emailing support@luckytacklebox.com. California residents may also cancel your subscription by accessing your Account through the Site.,1,Obstruction,You may cancel your membership at any time by calling us at at 855-861-2573 (6:00AM – 5:00PM PST) or by emailing support@luckytacklebox.com. California residents may also cancel your subscription by accessing your Account through the Site.
1446, Ireland EUR,0,Not Dark Pattern,Ireland EUR
1174,Optics and Mounts,0,Not Dark Pattern,Optics and Mounts
1199,Hurry! Only 2 left,1,Scarcity,Hurry! Only 2 left
449,No thanks. I don't like free things...,1,Misdirection,No thanks. I don't like free things...
1468,Shop the Look,0,Not Dark Pattern,Shop the Look
1673,Only 3 items left,1,Scarcity,Only 3 items left
1468,Arrow,0,Not Dark Pattern,Arrow
216,Someone bought: HYPE BLUE LARGE SPLAT KIDS LEGGINGS,1,Social Proof,Someone bought: HYPE BLUE LARGE SPLAT KIDS LEGGINGS
1171,Only 1 Left,1,Scarcity,Only 1 Left
1468, View All Home Office Furniture ,0,Not Dark Pattern,View All Home Office Furniture
1468,Child Safety,0,Not Dark Pattern,Child Safety
1673,ShoesBootsCasual ShoesFormal ShoesSandals & Flip-flopsShoe Care & AccessoriesSlippersSneakers & CanvasSports Shoes,0,Not Dark Pattern,ShoesBootsCasual ShoesFormal ShoesSandals & Flip-flopsShoe Care & AccessoriesSlippersSneakers & CanvasSports Shoes
1359," well, this is awkward. ",0,Not Dark Pattern,"well, this is awkward."
1468, End Tables,0,Not Dark Pattern,End Tables
1573, VIP Points! ,0,Not Dark Pattern,VIP Points!
1573," Looks like your cart is empty, let's fix that! ",0,Not Dark Pattern,"Looks like your cart is empty, let's fix that!"
1000,CareersAbout UsAffiliatesPrivacy SettingsAdvertise with usHelpSite map,0,Not Dark Pattern,CareersAbout UsAffiliatesPrivacy SettingsAdvertise with usHelpSite map
303,4 people are looking at this right now.,1,Social Proof,4 people are looking at this right now.
896,"""No Worry"" Membership Renewal We will bill your credit card on file at the introductory rate of $2.99 per month for the first year, for membership rewards and discounts. At the end of the introductory period, you'll be billed at the regular monthly rate of $3.99 per month. If you don't want your membership renewed, simply contact us and we will cancel your subscription. You will be refunded for the current month's membership fee, less any membership savings you have received. Exclusive Toll-Free Hotline Number Because we want your calls to get top priority, we have a special number for Value Club members only: 1-800-648-4282. Your call will be handled with the utmost promptness, courtesy and efficiency possible.",1,Obstruction,"""No Worry"" Membership Renewal We will bill your credit card on file at the introductory rate of $2.99 per month for the first year, for membership rewards and discounts. At the end of the introductory period, you'll be billed at the regular monthly rate of $3.99 per month. If you don't want your membership renewed, simply contact us and we will cancel your subscription. You will be refunded for the current month's membership fee, less any membership savings you have received. Exclusive Toll-Free Hotline Number Because we want your calls to get top priority, we have a special number for Value Club members only: 1-800-648-4282. Your call will be handled with the utmost promptness, courtesy and efficiency possible."
142,"Synne Kristine in Halden, bought Classic Bokksu Subscription (Billed Every 1 Month) (Ships every 1 Months) about 45 minutes ago",1,Social Proof,"Synne Kristine in Halden, bought Classic Bokksu Subscription (Billed Every 1 Month) (Ships every 1 Months) about 45 minutes ago"
932,Selling fast!,1,Scarcity,Selling fast!
675,Your order is reserved for 09:58 minutes!,1,Urgency,Your order is reserved for 09:58 minutes!
1673,Converse,0,Not Dark Pattern,Converse
1648,BreakThrough,0,Not Dark Pattern,BreakThrough
592,0011Days:0088Hours:4411Minutes:21125445Seconds,1,Urgency,0011Days:0088Hours:4411Minutes:21125445Seconds
1468, REPLACE-WITH-DYANMIC-HOST-ID,0,Not Dark Pattern,REPLACE-WITH-DYANMIC-HOST-ID
1268,Card Storage,0,Not Dark Pattern,Card Storage
1069,Only 1 left in stock,1,Scarcity,Only 1 left in stock
1648,Strip Softbox,0,Not Dark Pattern,Strip Softbox
1648,Quick Release,0,Not Dark Pattern,Quick Release
216,Spring Styles ,0,Not Dark Pattern,Spring Styles
1468,Bob's Outreach ,0,Not Dark Pattern,Bob's Outreach
1648,Sunwayfoto,0,Not Dark Pattern,Sunwayfoto
1468, View In Your Room ,0,Not Dark Pattern,View In Your Room
216, New In Lunch Boxes ,0,Not Dark Pattern,New In Lunch Boxes
1573,Only 3 Left,1,Scarcity,Only 3 Left
1648,Point & Shoots,0,Not Dark Pattern,Point & Shoots
1673,BABY BOYSShoesClothingAccessories,0,Not Dark Pattern,BABY BOYSShoesClothingAccessories
216,New In ,0,Not Dark Pattern,New In
561,00Days17Hours12Mins13Secs,1,Urgency,00Days17Hours12Mins13Secs
1648,Summary,0,Not Dark Pattern,Summary
1390,only 2 left!,1,Scarcity,only 2 left!
616,Spring Sale Extended,1,Urgency,Spring Sale Extended
1206,Only 8 left!,1,Scarcity,Only 8 left!
1573,Gold Collection,0,Not Dark Pattern,Gold Collection
1175,1 left at this price,1,Scarcity,1 left at this price
1673,Customer Feedback,0,Not Dark Pattern,Customer Feedback
307,"Ashley in Auburn, United States purchased a Check Plz iPhone X/Xs Case about 24 minutes ago",1,Social Proof,"Ashley in Auburn, United States purchased a Check Plz iPhone X/Xs Case about 24 minutes ago"
193,99 people are looking at this right now,1,Social Proof,99 people are looking at this right now
1487,Only 4 left!,1,Scarcity,Only 4 left!
248,62 people have looked at this item in the last few hours.,1,Social Proof,62 people have looked at this item in the last few hours.
1468, View All Mattress Accessories ,0,Not Dark Pattern,View All Mattress Accessories
1673,Call It Spring,0,Not Dark Pattern,Call It Spring
6,"Keith in Champaign, Illinois bought Mini USB Audio Cassette to MP3 Converterabout 56 minutes ago",1,Social Proof,"Keith in Champaign, Illinois bought Mini USB Audio Cassette to MP3 Converterabout 56 minutes ago"
1591,"Available, only 2 left",1,Scarcity,"Available, only 2 left"
1468,About Bob's,0,Not Dark Pattern,About Bob's
1362,Hurry! Only 1 Pair left!,1,Scarcity,Hurry! Only 1 Pair left!
1648,Protection Filters,0,Not Dark Pattern,Protection Filters
1268,Only 7 left,1,Scarcity,Only 7 left
1742,Score! You've Qualified for a Checkout Bonus,1,Misdirection,Score! You've Qualified for a Checkout Bonus
1673,Homeware Trends,0,Not Dark Pattern,Homeware Trends
1648,Motion Control System,0,Not Dark Pattern,Motion Control System
320,"No, I don't feel lucky",1,Misdirection,"No, I don't feel lucky"
1000,Blue Raspberry,0,Not Dark Pattern,Blue Raspberry
1510,Only 2 left in stock. Make it yours.,1,Scarcity,Only 2 left in stock. Make it yours.
1268, Candy & Snacks ,0,Not Dark Pattern,Candy & Snacks
995,50% OFF for Limited Time Only!!!,1,Urgency,50% OFF for Limited Time Only!!!
1256,(Only 5 Left),1,Scarcity,(Only 5 Left)
1695,Hurry! Only 4 left in stock.,1,Scarcity,Hurry! Only 4 left in stock.
1000,"For a limited time, buy 2 Hydroxycut Hardcore Elite, 30 Servings for $30!",1,Urgency,"For a limited time, buy 2 Hydroxycut Hardcore Elite, 30 Servings for $30!"
1140,Only 4 left at this price,1,Scarcity,Only 4 left at this price
216,Hype. Home,0,Not Dark Pattern,Hype. Home
1268,Traditional Snacks,0,Not Dark Pattern,Traditional Snacks
216, Please click ,0,Not Dark Pattern,Please click
1468, Box Springs & Foundations,0,Not Dark Pattern,Box Springs & Foundations
1077,Low In Stock Today,1,Scarcity,Low In Stock Today
902,Perhaps you could...,0,Not Dark Pattern,Perhaps you could...
1585,"Hurry, only 2 left in stock",1,Scarcity,"Hurry, only 2 left in stock"
1648,Macro Focussing Rails,0,Not Dark Pattern,Macro Focussing Rails
1573, What's New New arrivals daily ,0,Not Dark Pattern,What's New New arrivals daily
409,"No thanks, I've got too much cool Glock stuff!",1,Misdirection,"No thanks, I've got too much cool Glock stuff!"
1673,Brand: Ray-Ban® | Similar products from Ray-Ban®,0,Not Dark Pattern,Brand: Ray-Ban® | Similar products from Ray-Ban®
1359,only 7 pieces left,1,Scarcity,only 7 pieces left
1468,Bob's For Business,0,Not Dark Pattern,Bob's For Business
1468, Functional Marketing Cookies,0,Not Dark Pattern,Functional Marketing Cookies
1470,LOW STOCK (ONLY 10 LEFT!),1,Scarcity,LOW STOCK (ONLY 10 LEFT!)
1796,Congratulations! You qualify to receive Rechargeable 10-Function Bullet Vibe for FREE!,1,Misdirection,Congratulations! You qualify to receive Rechargeable 10-Function Bullet Vibe for FREE!
1573,Back by Demand,0,Not Dark Pattern,Back by Demand
905,"ONLY $1.99 FOR YOUR FIRST SIX MONTHS, THEN EACH YEAR YOUR MEMBERSHIP WILL AUTOMATICALLY RENEW FOR $39.99 AND BE CHARGED TO YOUR CREDIT/DEBIT CARD ON FILE. CANCEL YOUR VIP MEMBERSHIP ANY TIME TO RECEIVE A PRORATED REFUND BY CALLING (800) 543-7309. BY SUBMITTING YOUR ORDER, YOU AGREE TO THESE VIP MEMBERSHIP TERMS.",1,Obstruction,"ONLY $1.99 FOR YOUR FIRST SIX MONTHS, THEN EACH YEAR YOUR MEMBERSHIP WILL AUTOMATICALLY RENEW FOR $39.99 AND BE CHARGED TO YOUR CREDIT/DEBIT CARD ON FILE. CANCEL YOUR VIP MEMBERSHIP ANY TIME TO RECEIVE A PRORATED REFUND BY CALLING (800) 543-7309. BY SUBMITTING YOUR ORDER, YOU AGREE TO THESE VIP MEMBERSHIP TERMS."
233,407 customers have viewed this item recently,1,Social Proof,407 customers have viewed this item recently
1313,I have a strong liking to walnut. Even the sapwood can look very presentable when finished good. Thus cutting board is a great item for use and conversation and looks good. ,0,Not Dark Pattern,I have a strong liking to walnut. Even the sapwood can look very presentable when finished good. Thus cutting board is a great item for use and conversation and looks good.
996,"Only available for a LIMITED TIME, so get yours TODAY!",1,Urgency,"Only available for a LIMITED TIME, so get yours TODAY!"
216,Shirts & Blouses,0,Not Dark Pattern,Shirts & Blouses
216, Tracksuit,0,Not Dark Pattern,Tracksuit
367,"No Thanks, I Don't Like Saving Money.",1,Misdirection,"No Thanks, I Don't Like Saving Money."
1648,Wireless Microphone,0,Not Dark Pattern,Wireless Microphone
77,"Matthew in Charleston, South Carolina just purchased The Puffy Lux Mattress",1,Social Proof,"Matthew in Charleston, South Carolina just purchased The Puffy Lux Mattress"
221,Someone in Castle Hill bought a Philips Essential LED Downlight Kit | 5W 4000K few hours ago.,1,Social Proof,Someone in Castle Hill bought a Philips Essential LED Downlight Kit | 5W 4000K few hours ago.
100,"Sierra in Cypress, California bought Beauty In All Dress, Dusty Blue about 46 minutes ago",1,Social Proof,"Sierra in Cypress, California bought Beauty In All Dress, Dusty Blue about 46 minutes ago"
1313,Custom Board Quote,0,Not Dark Pattern,Custom Board Quote
216,View all,0,Not Dark Pattern,View all
512,0 DAYS22 HOURS13 MINUTES21 SECONDS ,1,Urgency,0 DAYS22 HOURS13 MINUTES21 SECONDS
1707,How about these?,1,Misdirection,How about these?
271,"Trey in Columbia, United States purchased Leather Cord Capsule",1,Social Proof,"Trey in Columbia, United States purchased Leather Cord Capsule"
725,Wait! YOUR CART QUALIFIES FOR 15% OFF YOUR ENTIRE ORDER. Offer Expires in: 2955,1,Urgency,Wait! YOUR CART QUALIFIES FOR 15% OFF YOUR ENTIRE ORDER. Offer Expires in: 2955
216, Searching...,0,Not Dark Pattern,Searching...
1468,"Check your orders, in-store quotes & more",0,Not Dark Pattern,"Check your orders, in-store quotes & more"
690,4 days 05:46:20,1,Urgency,4 days 05:46:20
763,Order in 14:53 to get 2 pillows for free,1,Urgency,Order in 14:53 to get 2 pillows for free
1153,HURRY ONLY 9 LEFT IN STOCK!,1,Scarcity,HURRY ONLY 9 LEFT IN STOCK!
115,1 person is looking at this item.,1,Social Proof,1 person is looking at this item.
295,994 items sold this hour.,1,Social Proof,994 items sold this hour.
1468, Sign in & make your visit all about you ,0,Not Dark Pattern,Sign in & make your visit all about you
1313,John Boos,0,Not Dark Pattern,John Boos
1468, Bar Stools,0,Not Dark Pattern,Bar Stools
1648,Memory Cards,0,Not Dark Pattern,Memory Cards
902,We may also disclose your information to third parties who may contact you with details of other products and services which may be of interest. If you do not want your name and mailing details made available in this way please email opt-out@nextdirect.com,1,Obstruction,We may also disclose your information to third parties who may contact you with details of other products and services which may be of interest. If you do not want your name and mailing details made available in this way please email opt-out@nextdirect.com
1804,No I'd rather not hear about exclusive offers and discounts.,1,Misdirection,No I'd rather not hear about exclusive offers and discounts.
1313,Round Boards,0,Not Dark Pattern,Round Boards
1468,10 Left in stock,1,Scarcity,10 Left in stock
975,In demand,1,Scarcity,In demand
4,9 people are viewing this.,1,Social Proof,9 people are viewing this.
4,"Keyboard Navigation Profile (Motor-Impaired): this profile enables motor-impaired persons to operate the website using the keyboard Tab, Shift+Tab, and the Enter keys. Users can also use shortcuts such as “M” (menus), “H” (headings), “F” (forms), “B” (buttons), and “G” (graphics) to jump to specific elements.",0,Not Dark Pattern,"Keyboard Navigation Profile (Motor-Impaired): this profile enables motor-impaired persons to operate the website using the keyboard Tab, Shift+Tab, and the Enter keys. Users can also use shortcuts such as “M” (menus), “H” (headings), “F” (forms), “B” (buttons), and “G” (graphics) to jump to specific elements."
149,"IBKUL Solid Mock Neck Half Zip Pullover purchased from Clinton, MD, US 1 minute ago",1,Social Proof,"IBKUL Solid Mock Neck Half Zip Pullover purchased from Clinton, MD, US 1 minute ago"
149,Deals of the Week,0,Not Dark Pattern,Deals of the Week
1477,Only 11 Left In Stock,1,Scarcity,Only 11 Left In Stock
765,Returns Information,0,Not Dark Pattern,Returns Information
149,Juniors' Shoes,0,Not Dark Pattern,Juniors' Shoes
91,"Someone in Sasebo, Japan just bought",1,Social Proof,"Someone in Sasebo, Japan just bought"
335,"No thanks, I dont want a discount",1,Misdirection,"No thanks, I dont want a discount"
622, Summer Casual Printed Loosen Short Sleeve T-Shirt ,0,Not Dark Pattern,Summer Casual Printed Loosen Short Sleeve T-Shirt
622, Summer V Neck Solid Color Short Sleeve Waffle T-Shirt ,0,Not Dark Pattern,Summer V Neck Solid Color Short Sleeve Waffle T-Shirt
1766,Shipping Insurance Remove Insurance,1,Sneaking,Shipping Insurance Remove Insurance
1038,AdjustableBucketHeadbandsSale Items- View All -,0,Not Dark Pattern,AdjustableBucketHeadbandsSale Items- View All -
667,New In Special Occasion,0,Not Dark Pattern,New In Special Occasion
622,We uses cookies (and similar techniques) to provide you with better products and services. Your permission will be confirmed if you continue using this website.Read more,0,Not Dark Pattern,We uses cookies (and similar techniques) to provide you with better products and services. Your permission will be confirmed if you continue using this website.Read more
4,Epilepsy Safe Profile: this profile enables people with epilepsy to safely use the website by eliminating the risk of seizures resulting from flashing or blinking animations and risky color combinations.,0,Not Dark Pattern,Epilepsy Safe Profile: this profile enables people with epilepsy to safely use the website by eliminating the risk of seizures resulting from flashing or blinking animations and risky color combinations.
420,"No Thanks, I don't like exclusive deals.",1,Misdirection,"No Thanks, I don't like exclusive deals."
622, Women's Summer New Clerk Large Size Loose Cotton And Linen Blouse ,0,Not Dark Pattern,Women's Summer New Clerk Large Size Loose Cotton And Linen Blouse
1059,"Limited time only: FREE SHIPPING on all orders, no minimum required!",1,Urgency,"Limited time only: FREE SHIPPING on all orders, no minimum required!"
1124,Only 2 left,1,Scarcity,Only 2 left
1079,ONLY 3 LEFT IN STOCK.,1,Scarcity,ONLY 3 LEFT IN STOCK.
667,Ericdress Long Sleeve Mesh Off Shoulder Summer Dress,0,Not Dark Pattern,Ericdress Long Sleeve Mesh Off Shoulder Summer Dress
1110,HURRY! Only a few left in stock!,1,Scarcity,HURRY! Only a few left in stock!
1393,ONLY 1 REMAINING,1,Scarcity,ONLY 1 REMAINING
765,"Click here to use our website with more accessibility support, for example screen readers",0,Not Dark Pattern,"Click here to use our website with more accessibility support, for example screen readers"
428,"NO THANKS, I DON'T WANT TO SAVE",1,Misdirection,"NO THANKS, I DON'T WANT TO SAVE"
1300,Only 4 left,1,Scarcity,Only 4 left
790,I absolutely loved it! It made everyone laugh and my desk gets an obscene amount of compliments for it. The quality is superb! I am now definitely going to be a loyal shopper at PosterGully,0,Not Dark Pattern,I absolutely loved it! It made everyone laugh and my desk gets an obscene amount of compliments for it. The quality is superb! I am now definitely going to be a loyal shopper at PosterGully
1345,Only 8 item(s) left,1,Scarcity,Only 8 item(s) left
4, Highlight Hover ,0,Not Dark Pattern,Highlight Hover
622, Summer Casual Printed Short Sleeve T-Shirt ,0,Not Dark Pattern,Summer Casual Printed Short Sleeve T-Shirt
622, V-neck Casual Loose Embroidered Short Sleeve Blouse ,0,Not Dark Pattern,V-neck Casual Loose Embroidered Short Sleeve Blouse
622, V-neck Casual Loose Vintage Print Short Sleeve T-shirt ,0,Not Dark Pattern,V-neck Casual Loose Vintage Print Short Sleeve T-shirt
4,Don’t worry. We’ve got your back.,0,Not Dark Pattern,Don’t worry. We’ve got your back.
1248,1 left in stock,1,Scarcity,1 left in stock
19,4 sold in last 5 hours,1,Social Proof,4 sold in last 5 hours
571,Your order is reserved for 08:53 minutes!,1,Urgency,Your order is reserved for 08:53 minutes!
622, Fashion Floral Short Sleeve Dress ,0,Not Dark Pattern,Fashion Floral Short Sleeve Dress
446,"No thanks, I don't want a free gift.",1,Misdirection,"No thanks, I don't want a free gift."
1307,"Only 3 left, order soon",1,Scarcity,"Only 3 left, order soon"
1785,"We'd like to send you weekly emails packed full of our lovely products, clearance goodies and cool stuff to win. You can unsubscribe at any time. If you DON'T want to receive these emails, please tick this box. We'd like to send you the occasional brochure so you can get a regular fix of our lovely product! You can unsubscribe at any time. If you DON'T want to receive these brochures, please tick this box. We'd like to introduce you to other brands you might love who will post you the occasional brochure. You can opt out of this at any time. If you DON'T want to receive these brochures, please tick this box.",1,Misdirection,"We'd like to send you weekly emails packed full of our lovely products, clearance goodies and cool stuff to win. You can unsubscribe at any time. If you DON'T want to receive these emails, please tick this box. We'd like to send you the occasional brochure so you can get a regular fix of our lovely product! You can unsubscribe at any time. If you DON'T want to receive these brochures, please tick this box. We'd like to introduce you to other brands you might love who will post you the occasional brochure. You can opt out of this at any time. If you DON'T want to receive these brochures, please tick this box."
4,"Our website implements the ARIA attributes (Accessible Rich Internet Applications) technique, alongside various behavioral changes, to ensure blind users visiting with screen-readers can read, comprehend, and enjoy the website’s functions. As soon as a user with a screen-reader enters your site, they immediately receive a prompt to enter the Screen-Reader Profile so they can browse and operate your site effectively. Here’s how our website covers some of the most important screen-reader requirements:",0,Not Dark Pattern,"Our website implements the ARIA attributes (Accessible Rich Internet Applications) technique, alongside various behavioral changes, to ensure blind users visiting with screen-readers can read, comprehend, and enjoy the website’s functions. As soon as a user with a screen-reader enters your site, they immediately receive a prompt to enter the Screen-Reader Profile so they can browse and operate your site effectively. Here’s how our website covers some of the most important screen-reader requirements:"
4,"Easy, awesome! ready to go. Held a charge first night",0,Not Dark Pattern,"Easy, awesome! ready to go. Held a charge first night"
325,"No, I don't feel lucky.",1,Misdirection,"No, I don't feel lucky."
140,65% of our customers added Surefit protection this year.,1,Social Proof,65% of our customers added Surefit protection this year.
4, Active Filters English English ✘ Remove Filter ,0,Not Dark Pattern,Active Filters English English ✘ Remove Filter
765, Free Delivery to Home & Next day delivery available to store* ,0,Not Dark Pattern,Free Delivery to Home & Next day delivery available to store*
1477,"If you are one of those constantly devoted to healthy eating, weight loss plans,..",0,Not Dark Pattern,"If you are one of those constantly devoted to healthy eating, weight loss plans,.."
1657,Only 1 Left in Stock. Buy Soon!,1,Scarcity,Only 1 Left in Stock. Buy Soon!
55,166 people have added this item to cart,1,Social Proof,166 people have added this item to cart
622, Round Neck Casual Loose Patchwork Printed Short Sleeve Blouse ,0,Not Dark Pattern,Round Neck Casual Loose Patchwork Printed Short Sleeve Blouse
965,"Items in your cart are in high demand, but we have reserved your order.",1,Scarcity,"Items in your cart are in high demand, but we have reserved your order."
622, Printed Long Sleeves Casual Blouse For Women ,0,Not Dark Pattern,Printed Long Sleeves Casual Blouse For Women
1699,"No USB or Y-Adapter!? Our USB Sound Card is highly recommended for PC (Mac/Linux/Windows) and works with current gen consoles. The Y adapter is recommended for console gaming, phone, or other TRRS jacks.",1,Misdirection,"No USB or Y-Adapter!? Our USB Sound Card is highly recommended for PC (Mac/Linux/Windows) and works with current gen consoles. The Y adapter is recommended for console gaming, phone, or other TRRS jacks."
790, Item added to cart. View cart and check out. Close ,0,Not Dark Pattern,Item added to cart. View cart and check out. Close
565,Hurry! This special sale ends in 2h 42m 0s,1,Urgency,Hurry! This special sale ends in 2h 42m 0s
790,"Roommates agreement... need i say more? this is a great poster for the walls of any house that has more than one person living in it. if you're alone, get it all the same - it'll make you laugh at any given time :)",0,Not Dark Pattern,"Roommates agreement... need i say more? this is a great poster for the walls of any house that has more than one person living in it. if you're alone, get it all the same - it'll make you laugh at any given time :)"
667,Ericdress Round Neck Three-Quarter Sleeve Mid-Calf Pullover Fall Women's Dress,0,Not Dark Pattern,Ericdress Round Neck Three-Quarter Sleeve Mid-Calf Pullover Fall Women's Dress
1253,ONLY 1 LEFT IN THIS SIZE,1,Scarcity,ONLY 1 LEFT IN THIS SIZE
667,Men's Pullover Sweaters,0,Not Dark Pattern,Men's Pullover Sweaters
992,Wait! Take 10% off Your First Order Deal Expires Soon!,1,Urgency,Wait! Take 10% off Your First Order Deal Expires Soon!
622, Casual V-Neck Sleeveless T-Shirt ,0,Not Dark Pattern,Casual V-Neck Sleeveless T-Shirt
1365,Prices subject to change without notice. Products shown may not be available in our stores.,0,Not Dark Pattern,Prices subject to change without notice. Products shown may not be available in our stores.
1023,Limited Time Offers,1,Urgency,Limited Time Offers
651,-90% discount if you order within 9:55:44,1,Urgency,-90% discount if you order within 9:55:44
765, Latest looks from Myleene Klass Shop now ,0,Not Dark Pattern,Latest looks from Myleene Klass Shop now
837,We're offline,0,Not Dark Pattern,We're offline
622, V-neck Printed Loose Short-sleeved T-shirt ,0,Not Dark Pattern,V-neck Printed Loose Short-sleeved T-shirt
790,Something went wrong. Please try again,0,Not Dark Pattern,Something went wrong. Please try again
365,"No, I'd rather do it the hard way...",1,Misdirection,"No, I'd rather do it the hard way..."
1551,"ONLY 5 LEFT, HURRY!",1,Scarcity,"ONLY 5 LEFT, HURRY!"
837,I am very pleased with the service I received.,0,Not Dark Pattern,I am very pleased with the service I received.
1465,Hurry! Only 1 Left In Stock,1,Scarcity,Hurry! Only 1 Left In Stock
4,"ADHD Friendly Profile: this profile significantly reduces distractions and noise to help people with ADHD, and Neurodevelopmental disorders browse, read, and focus on the essential elements more easily.",0,Not Dark Pattern,"ADHD Friendly Profile: this profile significantly reduces distractions and noise to help people with ADHD, and Neurodevelopmental disorders browse, read, and focus on the essential elements more easily."
1062,LIMITED TIME ONLY 10 OFF 50 SPEND NEW CUSTOMERS ONLY - TERMS & CONDITIONS APPLY,1,Urgency,LIMITED TIME ONLY 10 OFF 50 SPEND NEW CUSTOMERS ONLY - TERMS & CONDITIONS APPLY
1108,Limited Quantity,1,Scarcity,Limited Quantity
837, Need Help Finding The Right Product? ,0,Not Dark Pattern,Need Help Finding The Right Product?
1036,STOCK IS GUARANTEED FOR 60 MINUTES,1,Urgency,STOCK IS GUARANTEED FOR 60 MINUTES
1181,Only 5 left in stock,1,Scarcity,Only 5 left in stock
622, Ladies Flower Print Casual Fashion Dress ,0,Not Dark Pattern,Ladies Flower Print Casual Fashion Dress
1107,Availability: Low in stock today,1,Scarcity,Availability: Low in stock today
101,"Tristan in Markham, Canada purchased a Dragon Baseball Jersey",1,Social Proof,"Tristan in Markham, Canada purchased a Dragon Baseball Jersey"
622, Fashion Short Sleeve Crew Neck Print Dress ,0,Not Dark Pattern,Fashion Short Sleeve Crew Neck Print Dress
149,Shop All Golf Balls,0,Not Dark Pattern,Shop All Golf Balls
345,"No, thanks, I´d rather pay more",1,Misdirection,"No, thanks, I´d rather pay more"
317,"No, thanks. I don't like great deals.",1,Misdirection,"No, thanks. I don't like great deals."
715,Items will be reserved in your cart for 19:10,1,Urgency,Items will be reserved in your cart for 19:10
4, Our Story ,0,Not Dark Pattern,Our Story
1101,Low in stock: only 1 left.,1,Scarcity,Low in stock: only 1 left.
1463,"ONLY 5 LEFT, ORDER SOON!",1,Scarcity,"ONLY 5 LEFT, ORDER SOON!"
1365,Less than 6 items left,1,Scarcity,Less than 6 items left
149,Other Promotions,0,Not Dark Pattern,Other Promotions
790,Set SALE Into Summer ,0,Not Dark Pattern,Set SALE Into Summer
667,New In Bottoms,0,Not Dark Pattern,New In Bottoms
622, Summer Simple Breathable Socks ,0,Not Dark Pattern,Summer Simple Breathable Socks
4,Value of Product,0,Not Dark Pattern,Value of Product
1402,Availability: Low Stock 4 Remaining,1,Scarcity,Availability: Low Stock 4 Remaining
837,"The site was easy to navigate. I haven't received my shoes yet, but overall a good experience.",0,Not Dark Pattern,"The site was easy to navigate. I haven't received my shoes yet, but overall a good experience."
4, ≡ Filter Reviews Clicking on the following button will update the content below ,0,Not Dark Pattern,≡ Filter Reviews Clicking on the following button will update the content below
1057,LIMITED TIME OFFER,1,Urgency,LIMITED TIME OFFER
837,Quick Navigation,0,Not Dark Pattern,Quick Navigation
667,CHF,0,Not Dark Pattern,CHF
667,Ericdress Summer Patchwork Polyester Long Women's Tank Top,0,Not Dark Pattern,Ericdress Summer Patchwork Polyester Long Women's Tank Top
986,Limited Time Offer,1,Urgency,Limited Time Offer
329,"No thanks, I don't like good deals.",1,Misdirection,"No thanks, I don't like good deals."
790, help@postergully.com,0,Not Dark Pattern,help@postergully.com
667,Men's Sports Bottoms,0,Not Dark Pattern,Men's Sports Bottoms
1365,This link will open in a new window,0,Not Dark Pattern,This link will open in a new window
71,2049 sold in the last 7 days,1,Social Proof,2049 sold in the last 7 days
95,161 people have viewed this item,1,Social Proof,161 people have viewed this item
107,"Debby in Harpers Ferry, United States just bought: Icing Pen Decorating Tool",1,Social Proof,"Debby in Harpers Ferry, United States just bought: Icing Pen Decorating Tool"
1684,HURRY! ONLY 31 LEFT IN STOCK.,1,Scarcity,HURRY! ONLY 31 LEFT IN STOCK.
4, Active Filters English (United States) English (United States) ✘ Remove Filter ,0,Not Dark Pattern,Active Filters English (United States) English (United States) ✘ Remove Filter
1124,Case Material,0,Not Dark Pattern,Case Material
298,"Natalie in Graham, United States purchased a FREE BTS Answer Magic Pillow about 1 hour ago",1,Social Proof,"Natalie in Graham, United States purchased a FREE BTS Answer Magic Pillow about 1 hour ago"
908,"There's no obligation to buy as an Xtra VIP Member, nor is there any minimum number of months or commitment for membership. You can shop or ‘Skip’ by the 5th of each month, and you can cancel your membership at any time by calling (855) SAVAGEX (open 24/7).",1,Obstruction,"There's no obligation to buy as an Xtra VIP Member, nor is there any minimum number of months or commitment for membership. You can shop or ‘Skip’ by the 5th of each month, and you can cancel your membership at any time by calling (855) SAVAGEX (open 24/7)."
1277,3 left in stock,1,Scarcity,3 left in stock
1038,DressesFootwearHatsHoodies & SweatshirtsJerseysPantsSleepwear & UnderwearSwim CollectionT-ShirtsSale Items- View All -,0,Not Dark Pattern,DressesFootwearHatsHoodies & SweatshirtsJerseysPantsSleepwear & UnderwearSwim CollectionT-ShirtsSale Items- View All -
98,"1,142 people have added to cart recently",1,Social Proof,"1,142 people have added to cart recently"
1082,"894 Claimed! Hurry, only a few left!",1,Scarcity,"894 Claimed! Hurry, only a few left!"
230,Hair type: Curly,0,Not Dark Pattern,Hair type: Curly
991,FAMILY SHADE PACK | PICK YOUR PACK,0,Not Dark Pattern,FAMILY SHADE PACK | PICK YOUR PACK
230,Hair Tools,0,Not Dark Pattern,Hair Tools
230,Hair type: Wavy,0,Not Dark Pattern,Hair type: Wavy
984, CAMILLA World ,0,Not Dark Pattern,CAMILLA World
1466,Ribbons,0,Not Dark Pattern,Ribbons
86,"BERNARD in Philadelphia, United States purchased a",1,Social Proof,"BERNARD in Philadelphia, United States purchased a"
1575,Only 26 Left,1,Scarcity,Only 26 Left
1123,Only few items left in stock,1,Scarcity,Only few items left in stock
230,Root Touch Up + Brow Filler,0,Not Dark Pattern,Root Touch Up + Brow Filler
1466,Gift Wrapping Supplies,0,Not Dark Pattern,Gift Wrapping Supplies
1004,"LIMITED TIME OFFER 10% OFF - ENTER CODE \""CASES\"" AT CHECKOUT",1,Urgency,"LIMITED TIME OFFER 10% OFF - ENTER CODE \""CASES\"" AT CHECKOUT"
1144,Only 4 copies left,1,Scarcity,Only 4 copies left
99,"6,743 people have viewed recently",1,Social Proof,"6,743 people have viewed recently"
322,"No thanks, I'd like 0% off",1,Misdirection,"No thanks, I'd like 0% off"
1084,ONLY 1 LEFT! GET IT NOW!,1,Scarcity,ONLY 1 LEFT! GET IT NOW!
1104,"Hurry, only 3 left!",1,Scarcity,"Hurry, only 3 left!"
827,Christian Dior,0,Not Dark Pattern,Christian Dior
1466,Animals & Action Figures,0,Not Dark Pattern,Animals & Action Figures
69,Present your Fave voucher (it's in the Purchases tab under My Fave) at the outlet.,0,Not Dark Pattern,Present your Fave voucher (it's in the Purchases tab under My Fave) at the outlet.
301,Someone in Spain purchased,1,Social Proof,Someone in Spain purchased
1466,Hair Grooming Appliances,0,Not Dark Pattern,Hair Grooming Appliances
787,Enter Catalog/Email Code,0,Not Dark Pattern,Enter Catalog/Email Code
1513,Currently 8 left in stock.,1,Scarcity,Currently 8 left in stock.
1213,Only 1 items left in stock!,1,Scarcity,Only 1 items left in stock!
850,Country (Optional),0,Not Dark Pattern,Country (Optional)
230,Hair treatments,0,Not Dark Pattern,Hair treatments
382,"No thanks, I’d rather not win.",1,Misdirection,"No thanks, I’d rather not win."
1421,ONLY 12.5M LEFT IN STOCK!,1,Scarcity,ONLY 12.5M LEFT IN STOCK!
230,Allow All,0,Not Dark Pattern,Allow All
230,"Plus, get free shipping on your first order!",0,Not Dark Pattern,"Plus, get free shipping on your first order!"
1466,• Recommended to be used with Downy for better long lasting freshness ,0,Not Dark Pattern,• Recommended to be used with Downy for better long lasting freshness
1575,cookie host,0,Not Dark Pattern,cookie host
1456,1 in stock,1,Scarcity,1 in stock
991,Stay in the Know,0,Not Dark Pattern,Stay in the Know
1195,ONLY 3 LEFT! GET IT NOW!,1,Scarcity,ONLY 3 LEFT! GET IT NOW!
1136,83% offers claimed. Hurry up!,1,Scarcity,83% offers claimed. Hurry up!
984, Italy € EUR ,0,Not Dark Pattern,Italy € EUR
1466,Only 867 left,1,Scarcity,Only 867 left
991,LIMITED TIME DEAL!,1,Urgency,LIMITED TIME DEAL!
504,Cart will expire in 04:53 minutes!,1,Urgency,Cart will expire in 04:53 minutes!
827,✕,0,Not Dark Pattern,✕
949,High demand,1,Scarcity,High demand
69,3642 BOUGHT,1,Social Proof,3642 BOUGHT
984, Love the way you pay ,0,Not Dark Pattern,Love the way you pay
1466,Exterior Accessories,0,Not Dark Pattern,Exterior Accessories
984,Sale Clothing,0,Not Dark Pattern,Sale Clothing
681,activate within 10:00,1,Urgency,activate within 10:00
230,MOST POPULAR,1,Social Proof,MOST POPULAR
1466,Musical Toys,0,Not Dark Pattern,Musical Toys
165,"Son in Suisun City, United States purchased Commander Lex",1,Social Proof,"Son in Suisun City, United States purchased Commander Lex"
1726,"""Your purchase entitles you to the following special""",1,Misdirection,"""Your purchase entitles you to the following special"""
1595,Limited-time Deal,1,Scarcity,Limited-time Deal
984,FREE SHIPPING FOR A LIMITED TIME | PRICES ARE IN USD AND INCLUDE ALL IMPORT DUTIES.,1,Urgency,FREE SHIPPING FOR A LIMITED TIME | PRICES ARE IN USD AND INCLUDE ALL IMPORT DUTIES.
827,A-Z Luxury Brands,0,Not Dark Pattern,A-Z Luxury Brands
230,Hair Color + Highlights,0,Not Dark Pattern,Hair Color + Highlights
477,"No thanks, I don't like winning.",1,Misdirection,"No thanks, I don't like winning."
1466,Laundry Care,0,Not Dark Pattern,Laundry Care
454,"No Thanks, I'd rather pay full price",1,Misdirection,"No Thanks, I'd rather pay full price"
1466,Computer Accessories,0,Not Dark Pattern,Computer Accessories
69,Send as giftexpand_more,0,Not Dark Pattern,Send as giftexpand_more
1040,LIMITED TIME OFFER!,1,Urgency,LIMITED TIME OFFER!
1745,With 1-year Care Subscription 10 days history,1,Misdirection,With 1-year Care Subscription 10 days history
207,"Someone in Flemington, United States purchased Anti-Aging Eyelid Tape (Contains 100 Strips) Just now",1,Social Proof,"Someone in Flemington, United States purchased Anti-Aging Eyelid Tape (Contains 100 Strips) Just now"
588,Special sale ends in,1,Urgency,Special sale ends in
230,Light Works,0,Not Dark Pattern,Light Works
445,"NO THANKS, I DON'T WANT 20% OFF MY ORDER",1,Misdirection,"NO THANKS, I DON'T WANT 20% OFF MY ORDER"
940,Will sell out fast!,1,Scarcity,Will sell out fast!
230,Pro Boost Treatments,0,Not Dark Pattern,Pro Boost Treatments
1061,Limited Time Only · Online Only,1,Urgency,Limited Time Only · Online Only
69,Partnerships,0,Not Dark Pattern,Partnerships
129,Someone in Faizabad just bought: Pretty Love Penis Sleeve 7 inch an hour 2 minutes ago,1,Social Proof,Someone in Faizabad just bought: Pretty Love Penis Sleeve 7 inch an hour 2 minutes ago
230,Performance Cookies,0,Not Dark Pattern,Performance Cookies
983,LIMITED TIME BLOW OUT SALE UP TO 70% OFF! 110% BEST PRICE GUARANTEE!,1,Urgency,LIMITED TIME BLOW OUT SALE UP TO 70% OFF! 110% BEST PRICE GUARANTEE!
991, Accessibility statement ,0,Not Dark Pattern,Accessibility statement
1738,Customers also bought,1,Misdirection,Customers also bought
984, Shop Sale by Print ,0,Not Dark Pattern,Shop Sale by Print
253,135 people have this in their cart,1,Social Proof,135 people have this in their cart
230,Covered all grays,0,Not Dark Pattern,Covered all grays
1466,Click and Collect T&C,0,Not Dark Pattern,Click and Collect T&C
1697,HURRY! ONLY 14 LEFT IN STOCK.,1,Scarcity,HURRY! ONLY 14 LEFT IN STOCK.
104,339 users are currently active on our website,1,Social Proof,339 users are currently active on our website
230,"Like many websites, we share certain information, such as your IP address, device ID or similar online identifier, with certain third parties, such as social networks and advertising networks. This information is used to personalize advertising you see after you’ve visited our website. The California Consumer Privacy Act (“CCPA”) considers our sharing of that information in this manner to be a “sale.”For more information about the First and Third Party Cookies used please follow this link.",0,Not Dark Pattern,"Like many websites, we share certain information, such as your IP address, device ID or similar online identifier, with certain third parties, such as social networks and advertising networks. This information is used to personalize advertising you see after you’ve visited our website. The California Consumer Privacy Act (“CCPA”) considers our sharing of that information in this manner to be a “sale.”For more information about the First and Third Party Cookies used please follow this link."
102,Popular Item! 🔥 16 people are viewing this and 18 recently purchased it.,1,Social Proof,Popular Item! 🔥 16 people are viewing this and 18 recently purchased it.
69,Fave x GrabPay,0,Not Dark Pattern,Fave x GrabPay
1466,Household,0,Not Dark Pattern,Household
659,60% OFF ENDS IN DAYS HOURS MINUTES SECONDS,1,Urgency,60% OFF ENDS IN DAYS HOURS MINUTES SECONDS
1254,ONLY 5 LEFT,1,Scarcity,ONLY 5 LEFT
1798,Compare at,1,Misdirection,Compare at
787, TERMS OF SALE ,0,Not Dark Pattern,TERMS OF SALE
787,Back Yard & Spa,0,Not Dark Pattern,Back Yard & Spa
814, Customer Support ,0,Not Dark Pattern,Customer Support
230,I have not had my hair so soft and shiny in such a long time and my grey was completely covered! So incredibly happy.,0,Not Dark Pattern,I have not had my hair so soft and shiny in such a long time and my grey was completely covered! So incredibly happy.
482,"No thanks, I don't want to save up to 75%",1,Misdirection,"No thanks, I don't want to save up to 75%"
1274,Only 1 item left!,1,Scarcity,Only 1 item left!
827, A-Z Luxury Brands ,0,Not Dark Pattern,A-Z Luxury Brands
1596,2 left,1,Scarcity,2 left
991,Tidal Waves Collection,0,Not Dark Pattern,Tidal Waves Collection
1466,Trowels & Putty Knife,0,Not Dark Pattern,Trowels & Putty Knife
984, Explore more styles from this printspiration ,0,Not Dark Pattern,Explore more styles from this printspiration
991,Accessibly App features,0,Not Dark Pattern,Accessibly App features
991, Boardshorts,0,Not Dark Pattern,Boardshorts
1366,Low Stock,1,Scarcity,Low Stock
1556,(Only 1 Left),1,Scarcity,(Only 1 Left)
476,"NO THANKS, I DON'T LIKE FREE STUFF",1,Misdirection,"NO THANKS, I DON'T LIKE FREE STUFF"
984, All Clothing ,0,Not Dark Pattern,All Clothing
850,Shop all,0,Not Dark Pattern,Shop all
991,Custom Kids Headwear,0,Not Dark Pattern,Custom Kids Headwear
1230,Hurry up! Only 11 items left,1,Scarcity,Hurry up! Only 11 items left
230,"Location: Kansas City, MO",0,Not Dark Pattern,"Location: Kansas City, MO"
1321,only 5 left in stock!,1,Scarcity,only 5 left in stock!
991,Custom Women's Apparel,0,Not Dark Pattern,Custom Women's Apparel
1598,"Hurry, only 5 left",1,Scarcity,"Hurry, only 5 left"
230,"After trying several other shades of red, I’ve tried this one and just love it. It is the perfect shade of brown with beautiful red highlights, very rich color, and very beautiful.",0,Not Dark Pattern,"After trying several other shades of red, I’ve tried this one and just love it. It is the perfect shade of brown with beautiful red highlights, very rich color, and very beautiful."
901,"You may cancel your Minted More membership at any time by contacting Minted Customer Service at www.minted.com/help. If you cancel your membership before your Minted More gift box has shipped, we will refund your full membership fee; provided that we may charge you (or withhold from your refund) the value of Minted More discount benefits used by you and your account prior to cancellation. If you cancel at any other time, your membership fee is non-refundable.",1,Obstruction,"You may cancel your Minted More membership at any time by contacting Minted Customer Service at www.minted.com/help. If you cancel your membership before your Minted More gift box has shipped, we will refund your full membership fee; provided that we may charge you (or withhold from your refund) the value of Minted More discount benefits used by you and your account prior to cancellation. If you cancel at any other time, your membership fee is non-refundable."
108,Write a review,0,Not Dark Pattern,Write a review
108,International Shipping Policy,0,Not Dark Pattern,International Shipping Policy
495,HURRY! EXCLUSIVE DEAL FOR YOU! 1 4 : 4 5,1,Urgency,HURRY! EXCLUSIVE DEAL FOR YOU! 1 4 : 4 5
680, Butterscotch Cakes ,0,Not Dark Pattern,Butterscotch Cakes
680, Personalised Gifts ,0,Not Dark Pattern,Personalised Gifts
1531,This size has only 1 left in stock,1,Scarcity,This size has only 1 left in stock
1429,Email Address*,0,Not Dark Pattern,Email Address*
1292,18 In Stock,1,Scarcity,18 In Stock
680," Gift TypeFlowers, Cakes, Plants, etc. ",0,Not Dark Pattern,"Gift TypeFlowers, Cakes, Plants, etc."
108,Clear filter,0,Not Dark Pattern,Clear filter
125,80 Customers are considering this product right now.,1,Social Proof,80 Customers are considering this product right now.
680, Personalised Chocolates ,0,Not Dark Pattern,Personalised Chocolates
680, Heart Shaped Cake ,0,Not Dark Pattern,Heart Shaped Cake
250,"GRACE from ORLANDO, United States bought Camouflage Jumpsuit 31 minutes ago          ",1,Social Proof,"GRACE from ORLANDO, United States bought Camouflage Jumpsuit 31 minutes ago"
64,"Monira in Doha, Qatar purchased a LilyVanity™ Velvet Box",1,Social Proof,"Monira in Doha, Qatar purchased a LilyVanity™ Velvet Box"
680,Clocks ,0,Not Dark Pattern,Clocks
108, Title of Review ,0,Not Dark Pattern,Title of Review
1429,Only a few more left!,1,Scarcity,Only a few more left!
1265,Only 498 left,1,Scarcity,Only 498 left
417,No thanks. I'd rather pay full price.,1,Misdirection,No thanks. I'd rather pay full price.
246, Add to Cart ,0,Not Dark Pattern,Add to Cart
173,"estiven in Deer Park, United States purchased PreWash™ 4 oz",1,Social Proof,"estiven in Deer Park, United States purchased PreWash™ 4 oz"
1373,Men's Accessories ,0,Not Dark Pattern,Men's Accessories
466,"[NO THANKS, I'LL JUST WALK]",1,Misdirection,"[NO THANKS, I'LL JUST WALK]"
340,"NO, I DON'T FEEL LUCKY",1,Misdirection,"NO, I DON'T FEEL LUCKY"
291,One customer bought this article in the last 53 min.,1,Social Proof,One customer bought this article in the last 53 min.
1013, Outdoor Recreation ,0,Not Dark Pattern,Outdoor Recreation
108,We are currently accepting and processing orders from following:,0,Not Dark Pattern,We are currently accepting and processing orders from following:
1013,What could have caused this?,0,Not Dark Pattern,What could have caused this?
1151,6 items left! Order soon.,1,Scarcity,6 items left! Order soon.
1013, Read the FAQ ,0,Not Dark Pattern,Read the FAQ
364,"No thanks, I don't want 15% off",1,Misdirection,"No thanks, I don't want 15% off"
680,"The presence of flowers is enough to make any occasion or moment truly a memorable affair. Flowers can make an ordinary room extremely beautiful. Flowers are widely used in decorations, as gifts, or even as ornaments on various dresses. People can explore a variety of fresh vibrant flowers such as roses, tulips, orchids, carnations, sunflowers, chrysanthemums and a lot more through the help of our online gifting store. All these beautiful flowers will be delivered at your desired destination in blooming condition only. With an unmatched beauty and fragrance, these gorgeous and lovely flowers can easily mesmerise any individual in an effortless manner.",0,Not Dark Pattern,"The presence of flowers is enough to make any occasion or moment truly a memorable affair. Flowers can make an ordinary room extremely beautiful. Flowers are widely used in decorations, as gifts, or even as ornaments on various dresses. People can explore a variety of fresh vibrant flowers such as roses, tulips, orchids, carnations, sunflowers, chrysanthemums and a lot more through the help of our online gifting store. All these beautiful flowers will be delivered at your desired destination in blooming condition only. With an unmatched beauty and fragrance, these gorgeous and lovely flowers can easily mesmerise any individual in an effortless manner."
680, All Birthday Gifts ,0,Not Dark Pattern,All Birthday Gifts
1013, Chair Accessories ,0,Not Dark Pattern,Chair Accessories
108,Thank you for posting a question!,0,Not Dark Pattern,Thank you for posting a question!
680, Plastic ,0,Not Dark Pattern,Plastic
1373, C.P. Company ,0,Not Dark Pattern,C.P. Company
533,Activate within 0:30:00,1,Urgency,Activate within 0:30:00
234,Fast Mover: 35 PEOPLE added this to cart today!,1,Social Proof,Fast Mover: 35 PEOPLE added this to cart today!
680,Download mobile app,0,Not Dark Pattern,Download mobile app
397,"I DON'T LIKE FREE GIFTS, NO THANKS",1,Misdirection,"I DON'T LIKE FREE GIFTS, NO THANKS"
1499,Short Sleeve T-Shirts ,0,Not Dark Pattern,Short Sleeve T-Shirts
1373, All Brands A-Z ,0,Not Dark Pattern,All Brands A-Z
5,5338 people viewed this in the last hour,1,Social Proof,5338 people viewed this in the last hour
680,"Happiness is to hold flowers in both hands. Furthermore, flowers make for an integral part of all occasions and celebrations........ Read More...",0,Not Dark Pattern,"Happiness is to hold flowers in both hands. Furthermore, flowers make for an integral part of all occasions and celebrations........ Read More..."
263,"Someone in Cashmere bought a 
RCM Cosworth Timing Belt Kit 99-02MY EJ20/22/251 hour ago",1,Social Proof,Someone in Cashmere bought a RCM Cosworth Timing Belt Kit 99-02MY EJ20/22/251 hour ago
1373,LAST 1 LEFT,1,Scarcity,LAST 1 LEFT
1013, Entertainment Centers & TV Stands ,0,Not Dark Pattern,Entertainment Centers & TV Stands
1429,STAY IN THE LOOP!,0,Not Dark Pattern,STAY IN THE LOOP!
680, Low Maintenance Plants ,0,Not Dark Pattern,Low Maintenance Plants
1429,Shop by Activity,0,Not Dark Pattern,Shop by Activity
1373,All Brands A-Z ,0,Not Dark Pattern,All Brands A-Z
680,"Mother’s Day is undoubtedly a significant occasion for all mothers. But, for the new moms, it is even more special. If you........... Read More...",0,Not Dark Pattern,"Mother’s Day is undoubtedly a significant occasion for all mothers. But, for the new moms, it is even more special. If you........... Read More..."
1601,Low Stock Only 2 left,1,Scarcity,Low Stock Only 2 left
1429,Shop Men's Styles,0,Not Dark Pattern,Shop Men's Styles
5,Give a Gift,0,Not Dark Pattern,Give a Gift
1668,ALMOST GONE - only 2 remaining!,1,Scarcity,ALMOST GONE - only 2 remaining!
261,POPULAR 64 others checked this out in the last few hours.,1,Social Proof,POPULAR 64 others checked this out in the last few hours.
955,Items in your cart are selling fast,1,Scarcity,Items in your cart are selling fast
1499,Low in stock: only 2 left.,1,Scarcity,Low in stock: only 2 left.
246,HOW TO MANAGE SIDE EFFECTS,0,Not Dark Pattern,HOW TO MANAGE SIDE EFFECTS
672,VIP OFFERS END 00:54:59,1,Urgency,VIP OFFERS END 00:54:59
1497,ONLY 1 ITEM LEFT,1,Scarcity,ONLY 1 ITEM LEFT
680, For Wife ,0,Not Dark Pattern,For Wife
108, Subscribe ,0,Not Dark Pattern,Subscribe
1013,Limited Time Sale - Buy Now!,1,Urgency,Limited Time Sale - Buy Now!
1600,Last 1 left,1,Scarcity,Last 1 left
888,"We will also send you an additional email confirming your renewal. Should you elect not to renew your Membership, you may cancel at any time prior to the renewal by emailing us at passportmembership@1800flowers.com and your credit/debit card on file with us will not be charged. A confirmation email will be sent to you. If you email to cancel after your Membership has been renewed, your credit/debit card will have been charged the then current paid annual membership fee for the Passport Program, however you may request, and 1-800-Flowers may grant, a pro-rata refund within its sole discretion based upon the extent that you may have utilized the benefits of the Passport Program and the period of time remaining on your paid Membership.",1,Obstruction,"We will also send you an additional email confirming your renewal. Should you elect not to renew your Membership, you may cancel at any time prior to the renewal by emailing us at passportmembership@1800flowers.com and your credit/debit card on file with us will not be charged. A confirmation email will be sent to you. If you email to cancel after your Membership has been renewed, your credit/debit card will have been charged the then current paid annual membership fee for the Passport Program, however you may request, and 1-800-Flowers may grant, a pro-rata refund within its sole discretion based upon the extent that you may have utilized the benefits of the Passport Program and the period of time remaining on your paid Membership."
13,31 people seeing this product right now,1,Social Proof,31 people seeing this product right now
281,3 other people are currently viewing this item.,1,Social Proof,3 other people are currently viewing this item.
22,Favored By: 400 people!,1,Social Proof,Favored By: 400 people!
680, All Personalised Gifts ,0,Not Dark Pattern,All Personalised Gifts
842,Massive Tax Time Sale See Discounts! Sale ends in,1,Urgency,Massive Tax Time Sale See Discounts! Sale ends in
262,"Israël in Metz, France purchased a More ADVANCED Chord Substitutions",1,Social Proof,"Israël in Metz, France purchased a More ADVANCED Chord Substitutions"
1496,"Hurry, limited quantities left!",1,Scarcity,"Hurry, limited quantities left!"
989,"LIMITED TIME - BUY THE NEW PURPLE PLUSH PILLOW, GET ONE FREE",1,Urgency,"LIMITED TIME - BUY THE NEW PURPLE PLUSH PILLOW, GET ONE FREE"
186,Someone in Bacchus Marsh bought a Noosa Basics Deodorant Stick - Sensitive (60g) 27 seconds ago,1,Social Proof,Someone in Bacchus Marsh bought a Noosa Basics Deodorant Stick - Sensitive (60g) 27 seconds ago
1105,Only 1 left in stock!,1,Scarcity,Only 1 left in stock!
1429,High Arches,0,Not Dark Pattern,High Arches
799,DAYS HRS MINS SECS,1,Urgency,DAYS HRS MINS SECS
982,"Here for a limited time. 4.5"" Red Bottle Sticker w/ Adam's Logo",1,Urgency,"Here for a limited time. 4.5"" Red Bottle Sticker w/ Adam's Logo"
1033,Limited Time Only - Up to 30% OFF Freshwater Plants! SHOP NOW >,1,Urgency,Limited Time Only - Up to 30% OFF Freshwater Plants! SHOP NOW >
1255,Only 3 Left in Stock!,1,Scarcity,Only 3 Left in Stock!
1429,Shop Safely And Securely,0,Not Dark Pattern,Shop Safely And Securely
108,GCC Compliance,0,Not Dark Pattern,GCC Compliance
471,"No thanks, I don't like to save",1,Misdirection,"No thanks, I don't like to save"
1710,ADD WORLD'S MOST COMFORTABLE CHAIRS,1,Misdirection,ADD WORLD'S MOST COMFORTABLE CHAIRS
108, Menthol Flavors ,0,Not Dark Pattern,Menthol Flavors
348,"No thanks, I'll pay full price!",1,Misdirection,"No thanks, I'll pay full price!"
246,Mom & Baby,0,Not Dark Pattern,Mom & Baby
5,Free Shipping,0,Not Dark Pattern,Free Shipping
680, Wife ,0,Not Dark Pattern,Wife
1373, Naked Wolfe ,0,Not Dark Pattern,Naked Wolfe
1560,1 Left,1,Scarcity,1 Left
246,1 people are viewing this currently,1,Social Proof,1 people are viewing this currently
680, Air Purifying Plants ,0,Not Dark Pattern,Air Purifying Plants
5,You can feel confident that your new box each month is helping you celebrate pregnancy and protect your bump!,0,Not Dark Pattern,You can feel confident that your new box each month is helping you celebrate pregnancy and protect your bump!
680, Soft Toys ,0,Not Dark Pattern,Soft Toys
246,Browse by A-Z,0,Not Dark Pattern,Browse by A-Z
1194,1 LEFT IN THIS SIZE,1,Scarcity,1 LEFT IN THIS SIZE
1735,Want to add one of these?,1,Misdirection,Want to add one of these?
29,"Someone from Cape Town, Western Cape, South Africa just started buying Packable Travel Duffel Bag! 5 minutes ago",1,Social Proof,"Someone from Cape Town, Western Cape, South Africa just started buying Packable Travel Duffel Bag! 5 minutes ago"
680,Select Occasion close,0,Not Dark Pattern,Select Occasion close
238,Someone in Red Cliffs bought a RHK Yamaha YZ/YZF/WRF 99-16 Blue Pursuit Footpegs 3 minutes ago,1,Social Proof,Someone in Red Cliffs bought a RHK Yamaha YZ/YZF/WRF 99-16 Blue Pursuit Footpegs 3 minutes ago
41,"Someone in Madrid, Spain just bought",1,Social Proof,"Someone in Madrid, Spain just bought"
1429, Track your order by entering your order number and email below or if you would like to create an account or log in (click here) ,0,Not Dark Pattern,Track your order by entering your order number and email below or if you would like to create an account or log in (click here)
108,"Someone in Tornado, United States just bought Fresh Melon Menthol 2 hours ago",1,Social Proof,"Someone in Tornado, United States just bought Fresh Melon Menthol 2 hours ago"
1373,"Get inspiration, new arrivals and the latest offers to your inbox.",0,Not Dark Pattern,"Get inspiration, new arrivals and the latest offers to your inbox."
316,I don't like discounts,1,Misdirection,I don't like discounts
166,31 have it in their cart,1,Social Proof,31 have it in their cart
680,Wish Your Loved Ones Instantly with Ferns N Petals International Services,0,Not Dark Pattern,Wish Your Loved Ones Instantly with Ferns N Petals International Services
1429,Orthopedic,0,Not Dark Pattern,Orthopedic
640,Deal expires in: 03 hrs 25 mins 22 sec,1,Urgency,Deal expires in: 03 hrs 25 mins 22 sec
108,Ask a Question,0,Not Dark Pattern,Ask a Question
999,Act now and save $12.99. Limited time only!,1,Urgency,Act now and save $12.99. Limited time only!
680,Don't Know Pincode?,0,Not Dark Pattern,Don't Know Pincode?
1739,OUR BEST SELLING GOGGLE,1,Misdirection,OUR BEST SELLING GOGGLE
1656,1 in Stock,1,Scarcity,1 in Stock
361,Kimberly R.,0,Not Dark Pattern,Kimberly R.
1102,96 ITEM(S) LEFT IN STOCK!,1,Scarcity,96 ITEM(S) LEFT IN STOCK!
521,Your order is reserved for 09:54 minutes!,1,Urgency,Your order is reserved for 09:54 minutes!
745,DEAL ENDS IN 40:55:13,1,Urgency,DEAL ENDS IN 40:55:13
527,Glow Gear,0,Not Dark Pattern,Glow Gear
1723, Use a clean vase and clean water.,0,Not Dark Pattern,Use a clean vase and clean water.
1016,Limited Time: $10 Off! Discount Reflected In Price!,1,Urgency,Limited Time: $10 Off! Discount Reflected In Price!
502,Hurry up! Prices increase in 0 DAYS 11 HRS 59 MINS 55 SECS,1,Urgency,Hurry up! Prices increase in 0 DAYS 11 HRS 59 MINS 55 SECS
648, Every bicycle tells a story ,0,Not Dark Pattern,Every bicycle tells a story
56,111 people have purchased this item,1,Social Proof,111 people have purchased this item
1723,Flowers Trivia:,0,Not Dark Pattern,Flowers Trivia:
527, Glow Gear ,0,Not Dark Pattern,Glow Gear
1451,sales@ecklers.net,0,Not Dark Pattern,sales@ecklers.net
520,0 Days 2 Hours 57 Minutes 53 Seconds,1,Urgency,0 Days 2 Hours 57 Minutes 53 Seconds
361,"No thanks, I don’t like fun and games.",1,Misdirection,"No thanks, I don’t like fun and games."
628,Cellular/Honeycomb Shades,0,Not Dark Pattern,Cellular/Honeycomb Shades
682, World of Sweats ,0,Not Dark Pattern,World of Sweats
1415,Only 4 items left in stock.,1,Scarcity,Only 4 items left in stock.
817,"Ends in 1 Days, 4 Minutes, 44 Seconds",1,Urgency,"Ends in 1 Days, 4 Minutes, 44 Seconds"
1451,In Stock - Limited Quantity,1,Scarcity,In Stock - Limited Quantity
527,Canvas Wall Art,0,Not Dark Pattern,Canvas Wall Art
1759,"To qualify, simply verify your status during checkout on the payment step. We verify through ID.me, our trusted technology partner for secure digital identity verification. ",0,Not Dark Pattern,"To qualify, simply verify your status during checkout on the payment step. We verify through ID.me, our trusted technology partner for secure digital identity verification."
361, Best-Selling Products ,0,Not Dark Pattern,Best-Selling Products
353, New Arrivals,0,Not Dark Pattern,New Arrivals
527,View All Tops,0,Not Dark Pattern,View All Tops
1423,"These cookies are necessary for the website to function and cannot be switched off in our system. These cookies are usually only set in response to actions made by you which include a request for services, such as setting your privacy preferences or logging into your account.",0,Not Dark Pattern,"These cookies are necessary for the website to function and cannot be switched off in our system. These cookies are usually only set in response to actions made by you which include a request for services, such as setting your privacy preferences or logging into your account."
527,High-Waisted Shorts,0,Not Dark Pattern,High-Waisted Shorts
671,BE QUICK 00:57:33 DON'T MISS OUT,1,Urgency,BE QUICK 00:57:33 DON'T MISS OUT
1451,Remove selected car filter,0,Not Dark Pattern,Remove selected car filter
1403,"We're sorry, this store is closed.",0,Not Dark Pattern,"We're sorry, this store is closed."
1451,*,0,Not Dark Pattern,*
931,Enjoy FREE shipping with WSJwine Advantage,1,Sneaking,Enjoy FREE shipping with WSJwine Advantage
1723,Amazing service and quality! Lee up the excellent work.,0,Not Dark Pattern,Amazing service and quality! Lee up the excellent work.
1128,ONLY 7 LEFT!,1,Scarcity,ONLY 7 LEFT!
134,8 people are looking at this artwork,1,Social Proof,8 people are looking at this artwork
1723,Add on something to make it extra special!,1,Misdirection,Add on something to make it extra special!
1451, My Project Lists ,0,Not Dark Pattern,My Project Lists
353, Color Yellow Smoke Blue Pink Orange,0,Not Dark Pattern,Color Yellow Smoke Blue Pink Orange
1759,All You™,0,Not Dark Pattern,All You™
1423,Only 2 items left in stock.,1,Scarcity,Only 2 items left in stock.
40,"Leah Rich in Louisville, United States purchased a",1,Social Proof,"Leah Rich in Louisville, United States purchased a"
527,Romper Swimwear,0,Not Dark Pattern,Romper Swimwear
628,Installation InstructionsPolicies & Terms of UseFinancingSite Map,0,Not Dark Pattern,Installation InstructionsPolicies & Terms of UseFinancingSite Map
1759,Aids mental processing†,0,Not Dark Pattern,Aids mental processing†
1451,Transmission and Driveline,0,Not Dark Pattern,Transmission and Driveline
57,"James in Cashion, Oklahoma just bought Glossy Black Brick Geode / Amber Gradient Fast Lanes",1,Social Proof,"James in Cashion, Oklahoma just bought Glossy Black Brick Geode / Amber Gradient Fast Lanes"
245,"Carl F. from Fort Ann, NY bought a King",1,Social Proof,"Carl F. from Fort Ann, NY bought a King"
353, Write a reviewAsk a question,0,Not Dark Pattern,Write a reviewAsk a question
527,Crop Tops,0,Not Dark Pattern,Crop Tops
527, Salt Bender Tank and Shorts Combo ,0,Not Dark Pattern,Salt Bender Tank and Shorts Combo
361,Great for shine,0,Not Dark Pattern,Great for shine
1437,2 items left,1,Scarcity,2 items left
51,"Someone in San diego, United States just bought Gemfield Watch 15 days ago",1,Social Proof,"Someone in San diego, United States just bought Gemfield Watch 15 days ago"
24,"Kamal in Lathrop, United States purchased a Father Sons Super Slim Stretch Feather Print Long Sleeve - FS429 4 hours ago",1,Social Proof,"Kamal in Lathrop, United States purchased a Father Sons Super Slim Stretch Feather Print Long Sleeve - FS429 4 hours ago"
1759,Use the left and right arrow keys to navigate the Menu. Use the enter key to activate the submenu on a navigation item. Use escape key to close the submenu. ,0,Not Dark Pattern,Use the left and right arrow keys to navigate the Menu. Use the enter key to activate the submenu on a navigation item. Use escape key to close the submenu.
194,11 people viewed this today!,1,Social Proof,11 people viewed this today!
1723,Occasion: Anniversary,0,Not Dark Pattern,Occasion: Anniversary
353,Flat Top,0,Not Dark Pattern,Flat Top
906,"For more information about the VIP Rewards Club Membership, to purchase or terminate a membership, or to start or stop automatic renewal of a membership, contact Ross-Simons Customer Service by postal mail at: Ross-Simons, 9 Ross-Simons Drive, Cranston, Rhode Island 02920; or by email at customerservice@ross-simons.com; or by calling the VIP Rewards Club priority line at 800-835-3799.",1,Obstruction,"For more information about the VIP Rewards Club Membership, to purchase or terminate a membership, or to start or stop automatic renewal of a membership, contact Ross-Simons Customer Service by postal mail at: Ross-Simons, 9 Ross-Simons Drive, Cranston, Rhode Island 02920; or by email at customerservice@ross-simons.com; or by calling the VIP Rewards Club priority line at 800-835-3799."
527,We curate the very best in creative and innovative fashion for the EDM Lifestyle. ,0,Not Dark Pattern,We curate the very best in creative and innovative fashion for the EDM Lifestyle.
63,2 people are looking right now,1,Social Proof,2 people are looking right now
1089,Only 8 left in stock,1,Scarcity,Only 8 left in stock
1451, Email Address ,0,Not Dark Pattern,Email Address
526,Your cart is reserved for 14:57 minutes!,1,Urgency,Your cart is reserved for 14:57 minutes!
1723,HomeFlowersColourful Mixed Roses Bouquet,0,Not Dark Pattern,HomeFlowersColourful Mixed Roses Bouquet
880,I agree to receive marketing emails from Natural Life and agree to our Privacy Policy and terms of use.,1,Forced Action,I agree to receive marketing emails from Natural Life and agree to our Privacy Policy and terms of use.
1723,Everything was perfect. The delivery was very smooth and the products were in great condition as well.,0,Not Dark Pattern,Everything was perfect. The delivery was very smooth and the products were in great condition as well.
54,"3,081 people have viewed this item",1,Social Proof,"3,081 people have viewed this item"
1214,Only 2 Left,1,Scarcity,Only 2 Left
1791,"""We'd love to send you emails with offers and new products from New Balance Athletics, Inc. but if you do not wish to receive these updates, please tick this box.",1,Misdirection,"""We'd love to send you emails with offers and new products from New Balance Athletics, Inc. but if you do not wish to receive these updates, please tick this box."
527,Drawstring Backpacks,0,Not Dark Pattern,Drawstring Backpacks
1482,Less than 7 left!,1,Scarcity,Less than 7 left!
1662,BOTTLES LEFT 3,1,Scarcity,BOTTLES LEFT 3
527,Graphic Tanks,0,Not Dark Pattern,Graphic Tanks
361,How Do I Rinse Off My Overnight Hair Oil Treatment?,0,Not Dark Pattern,How Do I Rinse Off My Overnight Hair Oil Treatment?
648," Born for adventures across land, desert, and ice. Cruise over Tarmac-free roads or adapt it to be your 'do anything' commuter. ",0,Not Dark Pattern,"Born for adventures across land, desert, and ice. Cruise over Tarmac-free roads or adapt it to be your 'do anything' commuter."
1451," This product can expose you to chemicals including Hexavalent which is known to the State of California to cause cancer on birth defects or other reproductive harm. For more information, visit ",0,Not Dark Pattern,"This product can expose you to chemicals including Hexavalent which is known to the State of California to cause cancer on birth defects or other reproductive harm. For more information, visit"
1451," Your company account is blocked and you cannot place orders. If you have questions, please contact your company administrator. ",0,Not Dark Pattern,"Your company account is blocked and you cannot place orders. If you have questions, please contact your company administrator."
184,6 people have looked at this in the last few hrs.,1,Social Proof,6 people have looked at this in the last few hrs.
1759,[new-troh-pick],0,Not Dark Pattern,[new-troh-pick]
527, Hairy Chest T-Shirt And Shorts Combo ,0,Not Dark Pattern,Hairy Chest T-Shirt And Shorts Combo
933,"An item you ordered is in high demand. No worries, we have reserved your order.",1,Scarcity,"An item you ordered is in high demand. No worries, we have reserved your order."
1208,ONLY 52 items left in stock!,1,Scarcity,ONLY 52 items left in stock!
1793,"If you click continue below we will be happy to tell you about discounts, money off and new products from Very by e-mail and text,
unless you tell us you DO NOT want to hear about them, by ticking here.
If you would like to receive offers from carefully selected 3rd parties, please tick here",1,Misdirection,"If you click continue below we will be happy to tell you about discounts, money off and new products from Very by e-mail and text, unless you tell us you DO NOT want to hear about them, by ticking here. If you would like to receive offers from carefully selected 3rd parties, please tick here"
1451,Engine Cooling System,0,Not Dark Pattern,Engine Cooling System
1403,Low Stock! Only 3 left.,1,Scarcity,Low Stock! Only 3 left.
353,I always order from them! Such good quality for the price you pay! Will always be back!,0,Not Dark Pattern,I always order from them! Such good quality for the price you pay! Will always be back!
1602,7 left in stock,1,Scarcity,7 left in stock
1065,"Rs 4,013 (Retail Discount) + Rs 2,997 (Limited Time Coupon)",1,Urgency,"Rs 4,013 (Retail Discount) + Rs 2,997 (Limited Time Coupon)"
1086,We have 1 left in stock,1,Scarcity,We have 1 left in stock
1534,HURRY ONLY 1 ITEM LEFT!,1,Scarcity,HURRY ONLY 1 ITEM LEFT!
1759, Upcoming Events ,0,Not Dark Pattern,Upcoming Events
1759, Optimized Patch System ,0,Not Dark Pattern,Optimized Patch System
1759,"Alpha BRAIN® is a dietary supplement that helps support cognitive functions, including memory, mental speed, and focus.†",0,Not Dark Pattern,"Alpha BRAIN® is a dietary supplement that helps support cognitive functions, including memory, mental speed, and focus.†"
1291,"1 left, order now!",1,Scarcity,"1 left, order now!"
1606,Availability: 5 items left,1,Scarcity,Availability: 5 items left
1638,3 Left!,1,Scarcity,3 Left!
1220,Only 1 left.,1,Scarcity,Only 1 left.
353,Polycarbonate,0,Not Dark Pattern,Polycarbonate
1053,Site Wide Savings for the Entire Family! Pricing is off Rogan's Shoes every day Low Prices! Prices are already reflected on the site. Limited time only! Restrictions apply. Online Only.,1,Urgency,Site Wide Savings for the Entire Family! Pricing is off Rogan's Shoes every day Low Prices! Prices are already reflected on the site. Limited time only! Restrictions apply. Online Only.
527,View All Apartment,0,Not Dark Pattern,View All Apartment
1759, Clinical Studies ,0,Not Dark Pattern,Clinical Studies
527, Electric Daisy ,0,Not Dark Pattern,Electric Daisy
28,9 sold in last 4 hours,1,Social Proof,9 sold in last 4 hours
1106,Less than 10 left in stock,1,Scarcity,Less than 10 left in stock
42,33 sold in last 12 hours.,1,Social Proof,33 sold in last 12 hours.
1451, Low Price Guarantee ,0,Not Dark Pattern,Low Price Guarantee
1759, Search Search ,0,Not Dark Pattern,Search Search
34,11 people have purchased this item,1,Social Proof,11 people have purchased this item
1759, Drive and Focus ,0,Not Dark Pattern,Drive and Focus
1098,"Order now, only 2 left in stock!",1,Scarcity,"Order now, only 2 left in stock!"
1759, JOINT Oil ,0,Not Dark Pattern,JOINT Oil
1048,40% OFF EVERYTHING* ENTER: 40PLT + FREE SHIPPING OVER $80 HURRY! LIMITED TIME ONLY,1,Urgency,40% OFF EVERYTHING* ENTER: 40PLT + FREE SHIPPING OVER $80 HURRY! LIMITED TIME ONLY
1790,Tick here if you do not want to receive Promotional Offers by Post Tick here if you do wish to receive Promotional Offers by email and/or SMS Tick here if you would like to receive Offers from selected third parties,1,Misdirection,Tick here if you do not want to receive Promotional Offers by Post Tick here if you do wish to receive Promotional Offers by email and/or SMS Tick here if you would like to receive Offers from selected third parties
1049,40% OFF EVERYTHING* ENTER: 40PLT + FREE SHIPPING ON ALL ORDERS OVER $80 ,1,Urgency,40% OFF EVERYTHING* ENTER: 40PLT + FREE SHIPPING ON ALL ORDERS OVER $80
393,"No Thanks, I don't want official software at the best price.",1,Misdirection,"No Thanks, I don't want official software at the best price."
1438,Limited Availability,1,Scarcity,Limited Availability
25,"Another babe in Alexandria, United States just ordered Flat Tummy Tea",1,Social Proof,"Another babe in Alexandria, United States just ordered Flat Tummy Tea"
126,24 sold in last 24 hours.,1,Social Proof,24 sold in last 24 hours.
1590, shop all ,0,Not Dark Pattern,shop all
432,I don't feel lucky,1,Misdirection,I don't feel lucky
157,HOT PRODUCT Over 250 people are looking at this item.,1,Social Proof,HOT PRODUCT Over 250 people are looking at this item.
1488,NRA Annual Meetings & Exhibits,0,Not Dark Pattern,NRA Annual Meetings & Exhibits
1550, Bioactive Custodians ,0,Not Dark Pattern,Bioactive Custodians
771,LAST CHANCE - UP TO 70% OFF - ENDS IN: 20 HRS 28 MINS 30 SECS,1,Urgency,LAST CHANCE - UP TO 70% OFF - ENDS IN: 20 HRS 28 MINS 30 SECS
729,LightInTheBox 掲載記事,0,Not Dark Pattern,LightInTheBox 掲載記事
267,71 people have purchased this item,1,Social Proof,71 people have purchased this item
803,"We use cookies to improve our services, make personal offers, and enhance your experience. If you do not accept optional cookies below, your experience may be affected. If you want to know more, please, read the Cookie Policy",0,Not Dark Pattern,"We use cookies to improve our services, make personal offers, and enhance your experience. If you do not accept optional cookies below, your experience may be affected. If you want to know more, please, read the Cookie Policy"
199,Hurry up! 6 people other than you have this product in their cart,1,Social Proof,Hurry up! 6 people other than you have this product in their cart
189, Frame out of stock in this colour,0,Not Dark Pattern,Frame out of stock in this colour
1605,HURRY! ONLY 1 IN STOCK!,1,Scarcity,HURRY! ONLY 1 IN STOCK!
308,6 others have already bought this deal today!,1,Social Proof,6 others have already bought this deal today!
1691,"803 Claimed! Hurry, only a few left!",1,Scarcity,"803 Claimed! Hurry, only a few left!"
646,1day21:04:58,1,Urgency,1day21:04:58
1550,Terrarium Light Canopies,0,Not Dark Pattern,Terrarium Light Canopies
1488,Explore The NRA Universe Of Websites,0,Not Dark Pattern,Explore The NRA Universe Of Websites
355,"No, thank you. I prefer to pay the full price",1,Misdirection,"No, thank you. I prefer to pay the full price"
1550,Natural Backgrounds,0,Not Dark Pattern,Natural Backgrounds
538,FREE NECKLACE FOR MOM 01Days 01Hrs 35Mins 02Secs,1,Urgency,FREE NECKLACE FOR MOM 01Days 01Hrs 35Mins 02Secs
695,HAUTELOOK 04:53,1,Urgency,HAUTELOOK 04:53
1479,Only 3 pieces in stock!,1,Scarcity,Only 3 pieces in stock!
152,Someone from Airdrie & 10820 others bought this item recently.,1,Social Proof,Someone from Airdrie & 10820 others bought this item recently.
1550,Panther Anole,0,Not Dark Pattern,Panther Anole
94,4 people have purchased this item,1,Social Proof,4 people have purchased this item
1663,We only have few stocks left for this product. Please don't miss the chance.,1,Scarcity,We only have few stocks left for this product. Please don't miss the chance.
1789,"We'd like to keep you informed via email about product updates, upgrades, special offers and pricing. If you do not wish to be contacted via email, please ensure that the box is not checked.",1,Misdirection,"We'd like to keep you informed via email about product updates, upgrades, special offers and pricing. If you do not wish to be contacted via email, please ensure that the box is not checked."
189," Sorry, we could not process your request at the moment. Please try again in a few minutes. ",0,Not Dark Pattern,"Sorry, we could not process your request at the moment. Please try again in a few minutes."
1550,Tree Frog Terrariums,0,Not Dark Pattern,Tree Frog Terrariums
1177,23% left in stock!,1,Scarcity,23% left in stock!
993,LIMITED TIME SALE,1,Urgency,LIMITED TIME SALE
1327,Hurry! Only 2 left!,1,Scarcity,Hurry! Only 2 left!
1488,Every Purchase Helps Your NRA:,0,Not Dark Pattern,Every Purchase Helps Your NRA:
1488, Join NRA or Renew,0,Not Dark Pattern,Join NRA or Renew
498,"Due To HIGH Demand, Cart Expires In: 08:41",1,Urgency,"Due To HIGH Demand, Cart Expires In: 08:41"
1416,Only 5 Left in Stock. Buy Soon!,1,Scarcity,Only 5 Left in Stock. Buy Soon!
1488,Institute for Legislative Action,0,Not Dark Pattern,Institute for Legislative Action
1550,Only 4 Left!,1,Scarcity,Only 4 Left!
1550,Bearded Dragon Substrates,0,Not Dark Pattern,Bearded Dragon Substrates
1488,Politics And Legislation,0,Not Dark Pattern,Politics And Legislation
189,. ,0,Not Dark Pattern,.
729, Rs INR ,0,Not Dark Pattern,Rs INR
1789, Added to Favorites ,0,Not Dark Pattern,Added to Favorites
1590,take me back to shopping,0,Not Dark Pattern,take me back to shopping
1412,ONLY A FEW LEFT,1,Scarcity,ONLY A FEW LEFT
1488,Events and Entertainment,0,Not Dark Pattern,Events and Entertainment
90,3 people are looking at this product,1,Social Proof,3 people are looking at this product
1590,Choose Type of Cookies You Accept Using,0,Not Dark Pattern,Choose Type of Cookies You Accept Using
189, ★ ★ ★ ★ ★ ,0,Not Dark Pattern,★ ★ ★ ★ ★
729, ₪ ILS ,0,Not Dark Pattern,₪ ILS
1488,Only 20 left,1,Scarcity,Only 20 left
1550,Upright Plants,0,Not Dark Pattern,Upright Plants
993, Cable Winders ,0,Not Dark Pattern,Cable Winders
189, Brand case & cloth included ,0,Not Dark Pattern,Brand case & cloth included
1322,Warning: Last items in stock!,1,Scarcity,Warning: Last items in stock!
127,21 people looked at this during the last 24 hours,1,Social Proof,21 people looked at this during the last 24 hours
1488,NRA Firearms For Freedom,0,Not Dark Pattern,NRA Firearms For Freedom
1550,Heat Mats & Strips,0,Not Dark Pattern,Heat Mats & Strips
1488,Collegiate Shooting Programs,0,Not Dark Pattern,Collegiate Shooting Programs
1550,Livefood Subscription,0,Not Dark Pattern,Livefood Subscription
993, Travel Accessories ,0,Not Dark Pattern,Travel Accessories
37,"Someone from Rochedale, Queensland, Australia started buying this!",1,Social Proof,"Someone from Rochedale, Queensland, Australia started buying this!"
1590, LOGO BLACK ,0,Not Dark Pattern,LOGO BLACK
423,"No thanks, I'd rather pay full price.",1,Misdirection,"No thanks, I'd rather pay full price."
912,"CANCELLATION POLICY: If you are not completely satisfied with Yogi Surprise, you can cancel your membership and discontinue your monthly payments at any time. In order to cancel before you are renewed for the next shipment, you need to contact Yogi Surprise prior to the renewal date on the 14th of each month. Email: support@yogisurprise.com and we’ll respond promptly. If your membership has already renewed and you’d like to cancel an upcoming shipment, you must request cancellation by the 3rd of the month to be eligible for a refund. IF YOU DO NOT CANCEL PRIOR TO THE THIRD DAY OF A CALENDAR MONTH, YOU CANNOT BE REFUNDED FOR THAT MONTH’S SHIPMENT. WE DO NOT OFFER REFUNDS ON BOXES THAT HAVE ALREADY BEEN SHIPPED. To request cancellation, simply click here and submit the contact form or email us: support@yogisurprise.com. We’ll get back to promptly!",1,Obstruction,"CANCELLATION POLICY: If you are not completely satisfied with Yogi Surprise, you can cancel your membership and discontinue your monthly payments at any time. In order to cancel before you are renewed for the next shipment, you need to contact Yogi Surprise prior to the renewal date on the 14th of each month. Email: support@yogisurprise.com and we’ll respond promptly. If your membership has already renewed and you’d like to cancel an upcoming shipment, you must request cancellation by the 3rd of the month to be eligible for a refund. IF YOU DO NOT CANCEL PRIOR TO THE THIRD DAY OF A CALENDAR MONTH, YOU CANNOT BE REFUNDED FOR THAT MONTH’S SHIPMENT. WE DO NOT OFFER REFUNDS ON BOXES THAT HAVE ALREADY BEEN SHIPPED. To request cancellation, simply click here and submit the contact form or email us: support@yogisurprise.com. We’ll get back to promptly!"
169,"Someone in DOVER, United States just bought Crew 15 mins ago",1,Social Proof,"Someone in DOVER, United States just bought Crew 15 mins ago"
1550,Royal Python Vivariums,0,Not Dark Pattern,Royal Python Vivariums
993, Gift Card FAQs ,0,Not Dark Pattern,Gift Card FAQs
377,"No thank you, I prefer to pay for shipping.",1,Misdirection,"No thank you, I prefer to pay for shipping."
1590, shop by trend ,0,Not Dark Pattern,shop by trend
803,SHOP TRIATHLON,0,Not Dark Pattern,SHOP TRIATHLON
1687,Hurry! Only 6 left in stock.,1,Scarcity,Hurry! Only 6 left in stock.
1590,Free Shipping & Easy Returns always! ,0,Not Dark Pattern,Free Shipping & Easy Returns always!
803,Recovery Best Sellers,0,Not Dark Pattern,Recovery Best Sellers
993,Not sold separately,0,Not Dark Pattern,Not sold separately
23,"Annie in Cheras, Malaysia just bought: An Abundance of Flowers - Van-Go Paint-By-Number Kit",1,Social Proof,"Annie in Cheras, Malaysia just bought: An Abundance of Flowers - Van-Go Paint-By-Number Kit"
177,308 viewed per day,1,Social Proof,308 viewed per day
1590,These cookies are usually set by our marketing and advertising partners. They may be used by them to build a profile of your interest and later show you relevant ads. If you do not allow these cookies you will not experience targeted ads for your interests.,0,Not Dark Pattern,These cookies are usually set by our marketing and advertising partners. They may be used by them to build a profile of your interest and later show you relevant ads. If you do not allow these cookies you will not experience targeted ads for your interests.
826,Your order is reserved for 09:43 minutes!,1,Urgency,Your order is reserved for 09:43 minutes!
1550,Carpet Python Vivariums,0,Not Dark Pattern,Carpet Python Vivariums
803, Gut Health ,0,Not Dark Pattern,Gut Health
1803,"THE COMPETITION $1,299.99",1,Misdirection,"THE COMPETITION $1,299.99"
1488,History Of The NRA,0,Not Dark Pattern,History Of The NRA
708,25% OFF* ENDS IN 00 : 12 : 27 : 15 DAYS HRS. MIN. SEC.,1,Urgency,25% OFF* ENDS IN 00 : 12 : 27 : 15 DAYS HRS. MIN. SEC.
25,Packed with Super Citrimax,0,Not Dark Pattern,Packed with Super Citrimax
1550,Thermostats,0,Not Dark Pattern,Thermostats
1187,Only 1 Left!,1,Scarcity,Only 1 Left!
1590, family ,0,Not Dark Pattern,family
297,52 people have added this product to bag in the last 72 hours,1,Social Proof,52 people have added this product to bag in the last 72 hours
25, Select shake flavor: ,0,Not Dark Pattern,Select shake flavor:
14,"Ken in Oakland, United States purchased a Dreamville Hoodie a month ago",1,Social Proof,"Ken in Oakland, United States purchased a Dreamville Hoodie a month ago"
803,Compare Products ,0,Not Dark Pattern,Compare Products
1584,Only a few left!,1,Scarcity,Only a few left!
1550,Exotic Bird Food,0,Not Dark Pattern,Exotic Bird Food
1488,Jeanne E. Bray Memorial Scholarship,0,Not Dark Pattern,Jeanne E. Bray Memorial Scholarship
1211,72% offers claimed. Hurry up!,1,Scarcity,72% offers claimed. Hurry up!
1698,HURRY! ONLY 58 LEFT IN STOCK!,1,Scarcity,HURRY! ONLY 58 LEFT IN STOCK!
231,660 people have viewed today,1,Social Proof,660 people have viewed today
1406,LOW STOCK: Only 1 left.,1,Scarcity,LOW STOCK: Only 1 left.
189, Shop By Shape ,0,Not Dark Pattern,Shop By Shape
109,"Someone in Arden Hills, United States purchased 120ml Young Napoleon | Best Strawberry Shortcake eJuice | Vaporham Lincoln eLiquid about 42 minutes ago",1,Social Proof,"Someone in Arden Hills, United States purchased 120ml Young Napoleon | Best Strawberry Shortcake eJuice | Vaporham Lincoln eLiquid about 42 minutes ago"
1721,Would you like to buy more and save more?,1,Misdirection,Would you like to buy more and save more?
1399,Only 8 Left!,1,Scarcity,Only 8 Left!
433,"No Thanks, I Prefer Paying Full Price.",1,Misdirection,"No Thanks, I Prefer Paying Full Price."
1177,"N++ is all about using your momentum to complete levels and get high scores, but in this sci-fi world, there’s a slew of inadvertently homicidal enemy robots trying to prevent you from completing your goal.",0,Not Dark Pattern,"N++ is all about using your momentum to complete levels and get high scores, but in this sci-fi world, there’s a slew of inadvertently homicidal enemy robots trying to prevent you from completing your goal."
1550,We are not currently accepting orders from outside of the UK.,0,Not Dark Pattern,We are not currently accepting orders from outside of the UK.
1488,NRA Whittington Center Store,0,Not Dark Pattern,NRA Whittington Center Store
189,93 PEOPLE HAVE BOUGHT THIS PRODUCT TODAY,1,Social Proof,93 PEOPLE HAVE BOUGHT THIS PRODUCT TODAY
1550,Here to help,0,Not Dark Pattern,Here to help
1709,Yes! Upgrade my purchase,1,Misdirection,Yes! Upgrade my purchase
25,Kick those cravings,0,Not Dark Pattern,Kick those cravings
419,"No thanks, I’d rather pay more",1,Misdirection,"No thanks, I’d rather pay more"
803,Hydration,0,Not Dark Pattern,Hydration
564,Your order is reserved for 29:52 minutes!,1,Urgency,Your order is reserved for 29:52 minutes!
1572,ONLY 9 LEFT,1,Scarcity,ONLY 9 LEFT
1617,In Stock only 3 left,1,Scarcity,In Stock only 3 left
1667, read you will want to read -- Five Book Group Favourites * Sunday Post *,0,Not Dark Pattern,read you will want to read -- Five Book Group Favourites * Sunday Post *
414,Whey Protein Isolate,0,Not Dark Pattern,Whey Protein Isolate
414,Product Info,0,Not Dark Pattern,Product Info
395, Sign In With Google ,0,Not Dark Pattern,Sign In With Google
767,Screen print graphics,0,Not Dark Pattern,Screen print graphics
395,Thin and tough - protects from minor scratches,0,Not Dark Pattern,Thin and tough - protects from minor scratches
662,Awntech New Yorker Window/Entry Slope Awnin ...,0,Not Dark Pattern,Awntech New Yorker Window/Entry Slope Awnin ...
214,45 ADDED TO BAG IN THE PAST 24 HOURS,1,Social Proof,45 ADDED TO BAG IN THE PAST 24 HOURS
1289,ONLY 3 LEFT,1,Scarcity,ONLY 3 LEFT
21,"Mitchell H. Purchased a Dimplex IgniteXL 100"" Linear Built in Electric Fireplace",1,Social Proof,"Mitchell H. Purchased a Dimplex IgniteXL 100"" Linear Built in Electric Fireplace"
1667," ... It covers love and loss, friendship and pain through ",0,Not Dark Pattern,"... It covers love and loss, friendship and pain through"
1447,Only 7 left in stock!,1,Scarcity,Only 7 left in stock!
414,Was this product description useful?YesNo,0,Not Dark Pattern,Was this product description useful?YesNo
688," Brilliant! Chose what I wanted, and came a week later. Very happy with my purchase ",0,Not Dark Pattern,"Brilliant! Chose what I wanted, and came a week later. Very happy with my purchase"
306,"Great prices, professional customer services",0,Not Dark Pattern,"Great prices, professional customer services"
485,Your order is reserved for 09:45 minutes!,1,Urgency,Your order is reserved for 09:45 minutes!
550,Your order is reserved for 09:56 minutes!,1,Urgency,Your order is reserved for 09:56 minutes!
162,5338 people bought this,1,Social Proof,5338 people bought this
1103,2 left in stock,1,Scarcity,2 left in stock
1667,I've recommended The Keeper of Lost Things to everyone.,0,Not Dark Pattern,I've recommended The Keeper of Lost Things to everyone.
1667,"Book picture is for illustrative purposes only, actual binding, cover or edition may vary.",0,Not Dark Pattern,"Book picture is for illustrative purposes only, actual binding, cover or edition may vary."
1711,DON'T MISS ON THESE AWESOME ITEMS / DON'T MISS ON OUR TABLE DECORATION SYSTEM,1,Misdirection,DON'T MISS ON THESE AWESOME ITEMS / DON'T MISS ON OUR TABLE DECORATION SYSTEM
1667," is full of sorrow and joy that weaves the life stories of its characters, exploring relationships, illness and loss * Manchester Weekly News *",0,Not Dark Pattern,"is full of sorrow and joy that weaves the life stories of its characters, exploring relationships, illness and loss * Manchester Weekly News *"
673,Offer ends in 15hrs 1min 56sec!,1,Urgency,Offer ends in 15hrs 1min 56sec!
1160,Only 1 item left,1,Scarcity,Only 1 item left
767,Earn FanCash on all purchases!,0,Not Dark Pattern,Earn FanCash on all purchases!
318,"No Thanks, I rather pay full price",1,Misdirection,"No Thanks, I rather pay full price"
1599,LIMITED QUANTITY,1,Scarcity,LIMITED QUANTITY
767,AccessoriesCar AccessoriesDressesFootwearHome & OfficeJacketsLawn & OutdoorsPantsPolosShirts & SweatersShortsSleepwear & UnderwearSwim CollectionTailgatingSale Items- View All -,0,Not Dark Pattern,AccessoriesCar AccessoriesDressesFootwearHome & OfficeJacketsLawn & OutdoorsPantsPolosShirts & SweatersShortsSleepwear & UnderwearSwim CollectionTailgatingSale Items- View All -
767,NFL Enterprises LLC. All Rights Reserved.,0,Not Dark Pattern,NFL Enterprises LLC. All Rights Reserved.
1667,"touching, funny and romantic",0,Not Dark Pattern,"touching, funny and romantic"
1163,Only 8 items left in stock!,1,Scarcity,Only 8 items left in stock!
395,Media Players,0,Not Dark Pattern,Media Players
513,Today's sale ends in: 00hours:57min:19sec,1,Urgency,Today's sale ends in: 00hours:57min:19sec
1734,Other Items On Special Offer:,1,Misdirection,Other Items On Special Offer:
414,Authenticity Guaranteed,0,Not Dark Pattern,Authenticity Guaranteed
1270,Only 3 left in stock.,1,Scarcity,Only 3 left in stock.
357,I'd rather not save,1,Misdirection,I'd rather not save
306,Glasses and Goggles,0,Not Dark Pattern,Glasses and Goggles
292,Someone in Mount Louisa bought a Coleman Folding Table & Bench Set 2 minutes ago,1,Social Proof,Someone in Mount Louisa bought a Coleman Folding Table & Bench Set 2 minutes ago
1708,Don't forget the essentials Get up to 2 years of accidental damage coverage with AppleCare+.,1,Misdirection,Don't forget the essentials Get up to 2 years of accidental damage coverage with AppleCare+.
414,Immunity & Well BeingLean Muscle MassWeight LossBulk GainStress & Relaxation,0,Not Dark Pattern,Immunity & Well BeingLean Muscle MassWeight LossBulk GainStress & Relaxation
306,Material: Made with Cordura fabric,0,Not Dark Pattern,Material: Made with Cordura fabric
458,"No Thanks, I'll let this offer sail away",1,Misdirection,"No Thanks, I'll let this offer sail away"
1664,Limited stock available,1,Scarcity,Limited stock available
412,"No thank you, I prefer to pay full price",1,Misdirection,"No thank you, I prefer to pay full price"
139,"Edwin in Woodland Park, NJ just bought",1,Social Proof,"Edwin in Woodland Park, NJ just bought"
1289,Loading,0,Not Dark Pattern,Loading
89,🔥 9 people are viewing this.,1,Social Proof,🔥 9 people are viewing this.
1667,Rare Book Conditions ,0,Not Dark Pattern,Rare Book Conditions
1696,ONLY 13 LEFT,1,Scarcity,ONLY 13 LEFT
1037,"Hurry, before it is gone! Limited time remaining!",1,Urgency,"Hurry, before it is gone! Limited time remaining!"
861, Learn More ,0,Not Dark Pattern,Learn More
197,Cheryl in Ontario bought 100% Organic Reishi Mushroom Powder 100g about 16 minutes ago,1,Social Proof,Cheryl in Ontario bought 100% Organic Reishi Mushroom Powder 100g about 16 minutes ago
414,"No thanks, I don't like deals.",1,Misdirection,"No thanks, I don't like deals."
9,"Chelsea in Burlington, Wisconsin bought Take Out The Boat Jumpsuit, Blackabout 13 minutes ago",1,Social Proof,"Chelsea in Burlington, Wisconsin bought Take Out The Boat Jumpsuit, Blackabout 13 minutes ago"
861,Sign up to stay up to date on all White Cloud news and savings!,0,Not Dark Pattern,Sign up to stay up to date on all White Cloud news and savings!
414,Brand Directory ,0,Not Dark Pattern,Brand Directory
31,"Sayeeganesh in Chennai, India just bought Dhoni the Finisher T-Shirt an hour ago",1,Social Proof,"Sayeeganesh in Chennai, India just bought Dhoni the Finisher T-Shirt an hour ago"
767,HURRY! ENDS IN: 10 HRS 40 MIN 00 SEC,1,Urgency,HURRY! ENDS IN: 10 HRS 40 MIN 00 SEC
861,Shop Disposables,0,Not Dark Pattern,Shop Disposables
1498,"Hurry, only 302 left.",1,Scarcity,"Hurry, only 302 left."
1667,"Once a celebrated author of short stories now in his twilight years, ",0,Not Dark Pattern,"Once a celebrated author of short stories now in his twilight years,"
110,"Someone from Huntingtown, Maryland, United States purchased TopCoat® F11® Polish & Sealer - Web Special Kits Just Now",1,Social Proof,"Someone from Huntingtown, Maryland, United States purchased TopCoat® F11® Polish & Sealer - Web Special Kits Just Now"
734,Deal Ends In 2 : DAYS13 : HRS10 : MIN24 SEC,1,Urgency,Deal Ends In 2 : DAYS13 : HRS10 : MIN24 SEC
767,AdjustableSnapbacksSale Items- View All -,0,Not Dark Pattern,AdjustableSnapbacksSale Items- View All -
306,Radio and GPS Pouches,0,Not Dark Pattern,Radio and GPS Pouches
1667,Readers looking for some old-fashioned storytelling with a sprinkling of magic will find it here. ,0,Not Dark Pattern,Readers looking for some old-fashioned storytelling with a sprinkling of magic will find it here.
1289, United States ,0,Not Dark Pattern,United States
1667,About Ruth Hogan,0,Not Dark Pattern,About Ruth Hogan
861, Rechargeable ,0,Not Dark Pattern,Rechargeable
1675,67% offers claimed. Hurry up!,1,Scarcity,67% offers claimed. Hurry up!
1667," -- Preeti Shenoy, author of THE RULE BREAKERS",0,Not Dark Pattern,"-- Preeti Shenoy, author of THE RULE BREAKERS"
767,Imported,0,Not Dark Pattern,Imported
395,"Nah, I like paying full price",1,Misdirection,"Nah, I like paying full price"
1310,Only 2 items left,1,Scarcity,Only 2 items left
334,I WANT TO PAY MORE LATER ;),1,Misdirection,I WANT TO PAY MORE LATER ;)
1196,1 item left,1,Scarcity,1 item left
414,Shop by Health Goals,0,Not Dark Pattern,Shop by Health Goals
1552,QUANTITY: *ONLY 1 LEFT,1,Scarcity,QUANTITY: *ONLY 1 LEFT
405,"NO THANKS, I DON’T WANT 15% OFF",1,Misdirection,"NO THANKS, I DON’T WANT 15% OFF"
861,U.S. Vape Mail Ban FAQs,0,Not Dark Pattern,U.S. Vape Mail Ban FAQs
414,Get Personalised Health PlanGet Health Plan,0,Not Dark Pattern,Get Personalised Health PlanGet Health Plan
985,"Flash Sale Alert! You can now buy Utorch Corridor Porch Aisle Lights from Gearbest.com for only $7.99 (47% off). Hurry up, limited time offer!",1,Urgency,"Flash Sale Alert! You can now buy Utorch Corridor Porch Aisle Lights from Gearbest.com for only $7.99 (47% off). Hurry up, limited time offer!"
138,6 other people looking at this item,1,Social Proof,6 other people looking at this item
593,FLASH 19:15:22,1,Urgency,FLASH 19:15:22
1080,Only 9 items left!,1,Scarcity,Only 9 items left!
50,Trending Style! Sold 4 times today,1,Social Proof,Trending Style! Sold 4 times today
767,Brand: NFL Pro Line by Fanatics Branded,0,Not Dark Pattern,Brand: NFL Pro Line by Fanatics Branded
895,"You may cancel or renew your membership to the VIP Program or find out more information about your VIP Program subscription, including your annual expiration date, by contacting support@grove.co.",1,Obstruction,"You may cancel or renew your membership to the VIP Program or find out more information about your VIP Program subscription, including your annual expiration date, by contacting support@grove.co."
767,sweatshirts,0,Not Dark Pattern,sweatshirts
1196, EDC-V Megalodon Bottle Opener - Brass (Exclusive),0,Not Dark Pattern,EDC-V Megalodon Bottle Opener - Brass (Exclusive)
170,James from Colonia purchased a,1,Social Proof,James from Colonia purchased a
688, Excellent service all round ,0,Not Dark Pattern,Excellent service all round
864,Price Guaranteed For DAYS/HRS/MINS/SECS,1,Urgency,Price Guaranteed For DAYS/HRS/MINS/SECS
662,High Gable Sheds,0,Not Dark Pattern,High Gable Sheds
861,Wondering where to buy White Cloud products in the U.S.? Our distributor list is growing! Bookmark our list and stay tuned!,0,Not Dark Pattern,Wondering where to buy White Cloud products in the U.S.? Our distributor list is growing! Bookmark our list and stay tuned!
306,"Someone from Osijek, Croatia just bought TMC CP Style Single Pistol Pouch",1,Social Proof,"Someone from Osijek, Croatia just bought TMC CP Style Single Pistol Pouch"
1100,70% offers claimed. Hurry up!,1,Scarcity,70% offers claimed. Hurry up!
767,FootwearHome & Office,0,Not Dark Pattern,FootwearHome & Office
1667,beautifully written prose,0,Not Dark Pattern,beautifully written prose
306,COMBAT GEARHot,0,Not Dark Pattern,COMBAT GEARHot
1266,only 1 in stock,1,Scarcity,only 1 in stock
1667,'Keeper of Lost Things',0,Not Dark Pattern,'Keeper of Lost Things'
1737,GlassGuard Warranty Do not fear breaking your glass! Add our GlassGuard warranty policy for just $3.85 and we'll insure this purchase.,1,Misdirection,GlassGuard Warranty Do not fear breaking your glass! Add our GlassGuard warranty policy for just $3.85 and we'll insure this purchase.
767,Cincinnati Bengals T-Shirts,0,Not Dark Pattern,Cincinnati Bengals T-Shirts
1618,Sellout risk:,1,Scarcity,Sellout risk:
861,How White Cloud Prevents E-Cig Sales to Minors Read More ➞,0,Not Dark Pattern,How White Cloud Prevents E-Cig Sales to Minors Read More ➞
861,WilmaNorth Carolina,0,Not Dark Pattern,WilmaNorth Carolina
1458,Only 1 piece left.,1,Scarcity,Only 1 piece left.
1667,Be the first to get updates as well as access to exclusive offers and promotions,0,Not Dark Pattern,Be the first to get updates as well as access to exclusive offers and promotions
987,Limited time offer,1,Urgency,Limited time offer
767,Discontinued Item,0,Not Dark Pattern,Discontinued Item
662,Carports & Garages,0,Not Dark Pattern,Carports & Garages
630,"SALE ENDS IN 19 DAYS, 9 HOURS, 50 MINUTES, 54 SECONDS",1,Urgency,"SALE ENDS IN 19 DAYS, 9 HOURS, 50 MINUTES, 54 SECONDS"
662,Lean To Sheds,0,Not Dark Pattern,Lean To Sheds
767,Trending Players,0,Not Dark Pattern,Trending Players
212, Supply & Demand ,0,Not Dark Pattern,Supply & Demand
1031,HURRY! £32.99 UK DELIVERY ENDS SOON,1,Urgency,HURRY! £32.99 UK DELIVERY ENDS SOON
198,Search for similiar products,0,Not Dark Pattern,Search for similiar products
1250,Only 33 left,1,Scarcity,Only 33 left
510,Your order is reserved for 09:14 minutes! ,1,Urgency,Your order is reserved for 09:14 minutes!
113, Eyelashes ,0,Not Dark Pattern,Eyelashes
212,"Bringing the latest footwear, ‘fits and accessories from the biggest brands, the JD app makes coppin’ the hottest looks even easier!",0,Not Dark Pattern,"Bringing the latest footwear, ‘fits and accessories from the biggest brands, the JD app makes coppin’ the hottest looks even easier!"
400,I'll Shop Without A Discount,1,Misdirection,I'll Shop Without A Discount
1056,Buy with humm.,0,Not Dark Pattern,Buy with humm.
1328, Women's Sandals ,0,Not Dark Pattern,Women's Sandals
1686,"128 sold today! Hurry, only a few left!",1,Scarcity,"128 sold today! Hurry, only a few left!"
1042,Limited Time Offer Limited Offer! 15% off on Naomi Home with Coupon 9N03. You pay $63.74,1,Urgency,Limited Time Offer Limited Offer! 15% off on Naomi Home with Coupon 9N03. You pay $63.74
259,227 Bought Already,1,Social Proof,227 Bought Already
1368,Hurry! Only Limited Items Left,1,Scarcity,Hurry! Only Limited Items Left
198,Last Shape Guide,0,Not Dark Pattern,Last Shape Guide
212,RECENTLY VIEWED 2 others viewed this in the last few hours,1,Social Proof,RECENTLY VIEWED 2 others viewed this in the last few hours
113, Lens Manual Washer ,0,Not Dark Pattern,Lens Manual Washer
1328, Our Carbon Footprint ,0,Not Dark Pattern,Our Carbon Footprint
407,"No Thanks, I Don't Want a Free Gift",1,Misdirection,"No Thanks, I Don't Want a Free Gift"
1328, Remove Product? ,0,Not Dark Pattern,Remove Product?
1056,Your first payment will be due on the day of your purchase.*,0,Not Dark Pattern,Your first payment will be due on the day of your purchase.*
1064,"Free Upgrade, Limited Time!\n*DISH Install Not Available*",1,Urgency,"Free Upgrade, Limited Time!\n*DISH Install Not Available*"
1056, Fashion Bags ,0,Not Dark Pattern,Fashion Bags
415,"NO THANKS, I'll PAY FULL PRICE",1,Misdirection,"NO THANKS, I'll PAY FULL PRICE"
1056,Pay weekly ,0,Not Dark Pattern,Pay weekly
910,"YOU MAY CANCEL YOUR WINE CLUB MEMBERSHIP OR ANY HOLIDAY SHIPMENTS AT ANY TIME BY CONTACTING US AT 1-877-975-9463, AND WE WILL PROMPTLY STOP PROCESSING THE RECURRING PAYMENTS.",1,Obstruction,"YOU MAY CANCEL YOUR WINE CLUB MEMBERSHIP OR ANY HOLIDAY SHIPMENTS AT ANY TIME BY CONTACTING US AT 1-877-975-9463, AND WE WILL PROMPTLY STOP PROCESSING THE RECURRING PAYMENTS."
113,I have green eyes and with these bright green contacts makes my eyes look out of this world amazing. I love them and they have lasted months!!,0,Not Dark Pattern,I have green eyes and with these bright green contacts makes my eyes look out of this world amazing. I love them and they have lasted months!!
145,3 people are looking at this item right now,1,Social Proof,3 people are looking at this item right now
1328, Search Close ,0,Not Dark Pattern,Search Close
404,"No Thanks, I Don't Want a Discount",1,Misdirection,"No Thanks, I Don't Want a Discount"
198,Competitions,0,Not Dark Pattern,Competitions
1328, Shop All Men's Boots ,0,Not Dark Pattern,Shop All Men's Boots
283,"Oliver in Rotterdam, Netherlands purchased a England Away Soccer Shorts 2018 About 9 hours ago",1,Social Proof,"Oliver in Rotterdam, Netherlands purchased a England Away Soccer Shorts 2018 About 9 hours ago"
920,Father's Day Gifts,0,Not Dark Pattern,Father's Day Gifts
1432,Only 6 items left,1,Scarcity,Only 6 items left
113, Sunflower ,0,Not Dark Pattern,Sunflower
1056, Take time to pay.,0,Not Dark Pattern,Take time to pay.
113,Really good quality contacts and they work well on my eyes. Would definitely order again!!!!,0,Not Dark Pattern,Really good quality contacts and they work well on my eyes. Would definitely order again!!!!
113, Contact Lens Washer ,0,Not Dark Pattern,Contact Lens Washer
18,2 people are looking at this listing now,1,Social Proof,2 people are looking at this listing now
147,DON'T LET 'EM GET AWAY Several people have recently viewed this item.,1,Social Proof,DON'T LET 'EM GET AWAY Several people have recently viewed this item.
436,No thanks. I prefer paying full price.,1,Misdirection,No thanks. I prefer paying full price.
497,00DAYS02HRS14MINS1211SEC,1,Urgency,00DAYS02HRS14MINS1211SEC
212,Shopping with JD,0,Not Dark Pattern,Shopping with JD
1149, Military Discount ,0,Not Dark Pattern,Military Discount
920,About Cheryl's Business Gifts,0,Not Dark Pattern,About Cheryl's Business Gifts
1202,Only 1 left in online stock,1,Scarcity,Only 1 left in online stock
113,- +,0,Not Dark Pattern,- +
212, New in ,0,Not Dark Pattern,New in
113,"They look really good with my brown eyes, and they look pretty natural.",0,Not Dark Pattern,"They look really good with my brown eyes, and they look pretty natural."
113,SUBSCRIPTION SUCCESSFUL. THANK YOU!,0,Not Dark Pattern,SUBSCRIPTION SUCCESSFUL. THANK YOU!
557,00DAYS00HOURS47MINUTES36SECONDS SALE ENDS ONCE COUNTER HITS ZERO,1,Urgency,00DAYS00HOURS47MINUTES36SECONDS SALE ENDS ONCE COUNTER HITS ZERO
455,"No thanks, I like full price",1,Misdirection,"No thanks, I like full price"
113, Yearly ,0,Not Dark Pattern,Yearly
1784,FilterSortFeaturedPrice: Low to HighPrice: High to LowAlphabetical: A-ZAlphabetical: Z-A,0,Not Dark Pattern,FilterSortFeaturedPrice: Low to HighPrice: High to LowAlphabetical: A-ZAlphabetical: Z-A
786,Offer ends in 03 days 19 hours : 54 mins : 22 secs,1,Urgency,Offer ends in 03 days 19 hours : 54 mins : 22 secs
212,Recent Searches,0,Not Dark Pattern,Recent Searches
920,MORE WAYS TO SHOP,0,Not Dark Pattern,MORE WAYS TO SHOP
1654,"Order soon, only 1 left!",1,Scarcity,"Order soon, only 1 left!"
584,This campaign was taken down for content reasons,0,Not Dark Pattern,This campaign was taken down for content reasons
1238,"Hurry, only 2 left in stock!",1,Scarcity,"Hurry, only 2 left in stock!"
1122,Only 32 left in stock,1,Scarcity,Only 32 left in stock
1597,Only 4 unit(s) available!,1,Scarcity,Only 4 unit(s) available!
584,Your order will be reserved for 6:56 minutes.,1,Urgency,Your order will be reserved for 6:56 minutes.
225,Someone in United States just purchased a,1,Social Proof,Someone in United States just purchased a
113,We value your input. Share your review so everyone else can enjoy it too.,0,Not Dark Pattern,We value your input. Share your review so everyone else can enjoy it too.
1328,Hurry! Only 7 left,1,Scarcity,Hurry! Only 7 left
160,143 BOUGHT,1,Social Proof,143 BOUGHT
121,17 people have viewed this wine today,1,Social Proof,17 people have viewed this wine today
1056,Add your favourites to cart,0,Not Dark Pattern,Add your favourites to cart
259,"By clicking “Accept All Cookies”, you agree to the storing of cookies on your device to enhance site navigation, analyze site usage, and assist in our marketing efforts. ",0,Not Dark Pattern,"By clicking “Accept All Cookies”, you agree to the storing of cookies on your device to enhance site navigation, analyze site usage, and assist in our marketing efforts."
113, Colored Contact Lenses ,0,Not Dark Pattern,Colored Contact Lenses
113, Sustainably made,0,Not Dark Pattern,Sustainably made
212, adidas Originals Stan Smith ,0,Not Dark Pattern,adidas Originals Stan Smith
1216,HURRY! LESS THAN 129 LEFT.,1,Scarcity,HURRY! LESS THAN 129 LEFT.
212, Football Boots ,0,Not Dark Pattern,Football Boots
598,Your order is prioritized for 13:22 minutes!,1,Urgency,Your order is prioritized for 13:22 minutes!
863,Time remaining: 04:50,1,Urgency,Time remaining: 04:50
259,Functional Cookies,0,Not Dark Pattern,Functional Cookies
113, Polar Lights II ,0,Not Dark Pattern,Polar Lights II
390,"No Thanks, I Don't Want To Save",1,Misdirection,"No Thanks, I Don't Want To Save"
370,"No, I don't want great deals.",1,Misdirection,"No, I don't want great deals."
198,Viewed 1040 times in the last 7 days,1,Social Proof,Viewed 1040 times in the last 7 days
815,Your order has been reserved for,1,Urgency,Your order has been reserved for
113,"Someone in Alexandria, United States just bought TTDeye Queen Green Colored Contact Lenses",1,Social Proof,"Someone in Alexandria, United States just bought TTDeye Queen Green Colored Contact Lenses"
212,Read More ,0,Not Dark Pattern,Read More
226,Trending now! Added to basket 490 times today,1,Social Proof,Trending now! Added to basket 490 times today
1149, Tweet Share Pin It Add Email ,0,Not Dark Pattern,Tweet Share Pin It Add Email
210,"Ida in Tangerang Selatan, Indonesia purchased Iseya VG10 G-Series 33 layer Damascus Japanese Chef's Santoku Knife , 180mm about 1 hour ago",1,Social Proof,"Ida in Tangerang Selatan, Indonesia purchased Iseya VG10 G-Series 33 layer Damascus Japanese Chef's Santoku Knife , 180mm about 1 hour ago"
182,This is in 5 other carts.,1,Social Proof,This is in 5 other carts.
1328, Charity Collection ,0,Not Dark Pattern,Charity Collection
212, Shoe Care ,0,Not Dark Pattern,Shoe Care
1492,5 LEFT,1,Scarcity,5 LEFT
1784,"By signing up via text, you agree to receive recurring automated promotional and personalized marketing text messages from SPANX®. Msg & data rates apply. View Terms of Use & Privacy Policy.",0,Not Dark Pattern,"By signing up via text, you agree to receive recurring automated promotional and personalized marketing text messages from SPANX®. Msg & data rates apply. View Terms of Use & Privacy Policy."
1071,ONLY 4 LEFT IN STOCK,1,Scarcity,ONLY 4 LEFT IN STOCK
1149,Healthy Diet,0,Not Dark Pattern,Healthy Diet
53,"Someone in Paris, France just purchased a Kanpeki Knife Set",1,Social Proof,"Someone in Paris, France just purchased a Kanpeki Knife Set"
183,Purchased 8 times in the last few days.,1,Social Proof,Purchased 8 times in the last few days.
198,Prices shown for delivery to JAPAN Change delivery country,0,Not Dark Pattern,Prices shown for delivery to JAPAN Change delivery country
921,Free 60 day VIP trial membership with this order. Cancel anytime.,1,Sneaking,Free 60 day VIP trial membership with this order. Cancel anytime.
1722,FANSTASTIC DEALS,1,Misdirection,FANSTASTIC DEALS
212, Sports Bras ,0,Not Dark Pattern,Sports Bras
243,Purchased 100+ times in the last few days.,1,Social Proof,Purchased 100+ times in the last few days.
299,Someone from purchased a HOLEES Original Ladies II - Navy About 9 hours ago,1,Social Proof,Someone from purchased a HOLEES Original Ladies II - Navy About 9 hours ago
198,Cheaney,0,Not Dark Pattern,Cheaney
1056, Sale By Category ,0,Not Dark Pattern,Sale By Category
920,Your AccountTrack Your OrdersJoin Celebrations Passport,0,Not Dark Pattern,Your AccountTrack Your OrdersJoin Celebrations Passport
1654, Terms of Use Privacy Policy Do Not Sell My Personal Information Request My Personal Information ,0,Not Dark Pattern,Terms of Use Privacy Policy Do Not Sell My Personal Information Request My Personal Information
1358,limited availability at this price!,1,Scarcity,limited availability at this price!
1056, Bento Lunch Boxes & Food Containers ,0,Not Dark Pattern,Bento Lunch Boxes & Food Containers
1056,Hot Offer. Limited Time,1,Urgency,Hot Offer. Limited Time
1149,9 items left,1,Scarcity,9 items left
1733,Grab yourself a bargain!,1,Misdirection,Grab yourself a bargain!
1328, A Date With Duchess ,0,Not Dark Pattern,A Date With Duchess
212, Read More ,0,Not Dark Pattern,Read More
212,"Find your local store, view opening hours and find out where you can get your latest pickup in-store!",0,Not Dark Pattern,"Find your local store, view opening hours and find out where you can get your latest pickup in-store!"
113, Don't leave without taking discount ,0,Not Dark Pattern,Don't leave without taking discount
1352,Only 9 left!,1,Scarcity,Only 9 left!
381,No thanks. I love chaos!,1,Misdirection,No thanks. I love chaos!
1012,FLASH SALE | LIMITED TIME ONLY Shop Now,1,Urgency,FLASH SALE | LIMITED TIME ONLY Shop Now
1570,Hurry! Only 2 left in stock,1,Scarcity,Hurry! Only 2 left in stock
117,__________,0,Not Dark Pattern,__________
1044,Returns an Item,0,Not Dark Pattern,Returns an Item
1142,90% offers claimed. Hurry up!,1,Scarcity,90% offers claimed. Hurry up!
209,Trousers & Chinos,0,Not Dark Pattern,Trousers & Chinos
1652,(only 5 left),1,Scarcity,(only 5 left)
117, Cosmic Rainbow ,0,Not Dark Pattern,Cosmic Rainbow
494,Your order is reserved for 08:48 minutes!,1,Urgency,Your order is reserved for 08:48 minutes!
1158, Data Processor Privacy Policy: https://cookieinformation.com/cookie-and-privacy-policy ,0,Not Dark Pattern,Data Processor Privacy Policy: https://cookieinformation.com/cookie-and-privacy-policy
1139,Only 8 left,1,Scarcity,Only 8 left
8,"Someone in Kilwinning, United Kingdom just bought Cuban Link Chain Bracelet",1,Social Proof,"Someone in Kilwinning, United Kingdom just bought Cuban Link Chain Bracelet"
1044,Patient Transfer Devices,0,Not Dark Pattern,Patient Transfer Devices
209,Feedback,0,Not Dark Pattern,Feedback
605,2 DAYS 13:06:13,1,Urgency,2 DAYS 13:06:13
1027,LIMITED TIME! - Save $5 OFF Orders $70+ Coupon: SAVE5 - PLUS - Free Gift on Orders $125+,1,Urgency,LIMITED TIME! - Save $5 OFF Orders $70+ Coupon: SAVE5 - PLUS - Free Gift on Orders $125+
1357,Only 1 left in Stock,1,Scarcity,Only 1 left in Stock
795,LAST CHANCE TO SAVE... enter your email to Save 20% on your first order 00 hours :29 minutes :43 seconds,1,Urgency,LAST CHANCE TO SAVE... enter your email to Save 20% on your first order 00 hours :29 minutes :43 seconds
1522,Loading interface...,0,Not Dark Pattern,Loading interface...
156,"Our most recent customers are from New Rochelle, Roseville, and Brooksville",1,Social Proof,"Our most recent customers are from New Rochelle, Roseville, and Brooksville"
128,on Freight,0,Not Dark Pattern,on Freight
209,TVs,0,Not Dark Pattern,TVs
58,7 people have it in their cart,1,Social Proof,7 people have it in their cart
117,Share this product,0,Not Dark Pattern,Share this product
39,85 have it in their cart,1,Social Proof,85 have it in their cart
450,"no thanks, I'll save money another day",1,Misdirection,"no thanks, I'll save money another day"
1158,What is a cookie?,0,Not Dark Pattern,What is a cookie?
505,Your order is reserved for 09:35 minutes!,1,Urgency,Your order is reserved for 09:35 minutes!
1041,LIMITED TIME ONLY *on select models,1,Urgency,LIMITED TIME ONLY *on select models
792,35% OFF EVERYTHING* EXCL SALE & BEAUTY ENTER: DOLL35 - HURRY! ENDS IN  16H 59M 06S,1,Urgency,35% OFF EVERYTHING* EXCL SALE & BEAUTY ENTER: DOLL35 - HURRY! ENDS IN 16H 59M 06S
1139,Order by these dates to get it by Valentine's Day.*,0,Not Dark Pattern,Order by these dates to get it by Valentine's Day.*
858,"Hurry, Limited Time Offer! 11:25",1,Urgency,"Hurry, Limited Time Offer! 11:25"
1044, Dry Direct Incontinence Personal Care Daily Living Safety Bedroom Nutrition Mobility Lift Aids Medical Supplies Plus Size ,0,Not Dark Pattern,Dry Direct Incontinence Personal Care Daily Living Safety Bedroom Nutrition Mobility Lift Aids Medical Supplies Plus Size
1044,Extra Soft Cleansing Wipes,0,Not Dark Pattern,Extra Soft Cleansing Wipes
117, GeekVape Pursue a Healthy Vaping Experience ,0,Not Dark Pattern,GeekVape Pursue a Healthy Vaping Experience
1158,Brand ,0,Not Dark Pattern,Brand
1044,"The Dry Direct Ultimate is a great product, the best we have found. Customer service is very efficient, and deliveries have always been on time. We are very satisfied with Parentgiving in all aspects.",0,Not Dark Pattern,"The Dry Direct Ultimate is a great product, the best we have found. Customer service is very efficient, and deliveries have always been on time. We are very satisfied with Parentgiving in all aspects."
596,Explosive Offers! 80% Off Everything 07:25:41,1,Urgency,Explosive Offers! 80% Off Everything 07:25:41
1044, Zero Gravity Lift Chairs ,0,Not Dark Pattern,Zero Gravity Lift Chairs
1044, Disposable Washcloths ,0,Not Dark Pattern,Disposable Washcloths
191,210+ bought,1,Social Proof,210+ bought
1158, Data Processor Privacy Policy: https://videoly.co/privacy-policy ,0,Not Dark Pattern,Data Processor Privacy Policy: https://videoly.co/privacy-policy
209,Recent searches,0,Not Dark Pattern,Recent searches
1139,The page you were looking for doesn't exist.,0,Not Dark Pattern,The page you were looking for doesn't exist.
143,24 people currently interested,1,Social Proof,24 people currently interested
1044, PG Picks: Skin Care for Incontinence ,0,Not Dark Pattern,PG Picks: Skin Care for Incontinence
627,"When you visit any website, it may store or retrieve information on your browser, mostly in the form of cookies. This information might be about you, your preferences or your device and is mostly used to make the site work as you expect it to. The information does not usually directly identify you, but it can give you a more personalized web experience. Because we respect your right to privacy, you can choose not to allow some types of cookies. Click on the different category headings to find out more and change our default settings. However, blocking some types of cookies may impact your experience of the site and the services we are able to offer. ",0,Not Dark Pattern,"When you visit any website, it may store or retrieve information on your browser, mostly in the form of cookies. This information might be about you, your preferences or your device and is mostly used to make the site work as you expect it to. The information does not usually directly identify you, but it can give you a more personalized web experience. Because we respect your right to privacy, you can choose not to allow some types of cookies. Click on the different category headings to find out more and change our default settings. However, blocking some types of cookies may impact your experience of the site and the services we are able to offer."
753,HURRY! DON'T MISS THIS DEAL! DAYS 0 1 HRS 1 2 MINS 3 1 SECONDS,1,Urgency,HURRY! DON'T MISS THIS DEAL! DAYS 0 1 HRS 1 2 MINS 3 1 SECONDS
1554,Only 3 available,1,Scarcity,Only 3 available
1356,Hurry! Almost Sold Out...,1,Scarcity,Hurry! Almost Sold Out...
1522,PomeloFashion born in AsiaOn trend. Online. On the go.,0,Not Dark Pattern,PomeloFashion born in AsiaOn trend. Online. On the go.
818,OFFER ENDS: 09h: 09m: 55s: 0 ,1,Urgency,OFFER ENDS: 09h: 09m: 55s: 0
1158, Data Processor Privacy Policy: https://www.appnexus.com/corporate-privacy-policy ,0,Not Dark Pattern,Data Processor Privacy Policy: https://www.appnexus.com/corporate-privacy-policy
1301,"Hurry, Only 4 Left In Stock. Buy Now!",1,Scarcity,"Hurry, Only 4 Left In Stock. Buy Now!"
1044,Pillow & Foam Bed Wedges,0,Not Dark Pattern,Pillow & Foam Bed Wedges
1700,How about one of these hot sellers?,1,Misdirection,How about one of these hot sellers?
1183,Only 3 left,1,Scarcity,Only 3 left
8, info@chainedandable.com ,0,Not Dark Pattern,info@chainedandable.com
352,"NO, I'D RATHER PAY FULL PRICE",1,Misdirection,"NO, I'D RATHER PAY FULL PRICE"
202,8 people have viewed this product today!,1,Social Proof,8 people have viewed this product today!
128,About UsNews & Articles,0,Not Dark Pattern,About UsNews & Articles
1139,These pieces are not yet in stock but will be shipped as soon as they are available. The estimated ship date will be noted on the product page.,0,Not Dark Pattern,These pieces are not yet in stock but will be shipped as soon as they are available. The estimated ship date will be noted on the product page.
1044, Choosing the Best Plus Size Briefs ,0,Not Dark Pattern,Choosing the Best Plus Size Briefs
1139,Jewelry Care Kit,0,Not Dark Pattern,Jewelry Care Kit
128,Please note: we do not ship to PO Boxes,0,Not Dark Pattern,Please note: we do not ship to PO Boxes
1647,There are only 1 item left in stock.,1,Scarcity,There are only 1 item left in stock.
239,This product was viewed 26 seconds ago by someone from Princeton,1,Social Proof,This product was viewed 26 seconds ago by someone from Princeton
1278,ONLY 5 LEFT IN STOCK!,1,Scarcity,ONLY 5 LEFT IN STOCK!
1158,Only 3 left!,1,Scarcity,Only 3 left!
1158,This is how you can reject or delete your cookies,0,Not Dark Pattern,This is how you can reject or delete your cookies
209,Delivery & Returns,0,Not Dark Pattern,Delivery & Returns
8, EU Delivery & Returns ,0,Not Dark Pattern,EU Delivery & Returns
1271,Don't miss out on this item! There is only 1 left in stock.,1,Scarcity,Don't miss out on this item! There is only 1 left in stock.
427,"NO, THANKS. I DON'T LIKE DISCOUNTS ",1,Misdirection,"NO, THANKS. I DON'T LIKE DISCOUNTS"
128,"Someone in Byron Bay, NSW just bought",1,Social Proof,"Someone in Byron Bay, NSW just bought"
1158, Data Processor: Amobee ,0,Not Dark Pattern,Data Processor: Amobee
324,"No thanks, I don't want to build one.. I'd rather kick rocks!",1,Misdirection,"No thanks, I don't want to build one.. I'd rather kick rocks!"
27,Real time 30 Visitor right now,1,Social Proof,Real time 30 Visitor right now
1044,Auto Delivery Program,0,Not Dark Pattern,Auto Delivery Program
1068,Low Stock – Selling Fast,1,Scarcity,Low Stock – Selling Fast
220,"Someone in Cedarhurst, United States purchased a Sproet and Sprout Shell/Violet Stripe Bloomers",1,Social Proof,"Someone in Cedarhurst, United States purchased a Sproet and Sprout Shell/Violet Stripe Bloomers"
1522,The product you requested is not available in the selected country,0,Not Dark Pattern,The product you requested is not available in the selected country
1158, Data Processor Privacy Policy: https://triplelift.com/privacy ,0,Not Dark Pattern,Data Processor Privacy Policy: https://triplelift.com/privacy
1158, Data Processor Privacy Policy: https://casalemedia.com/ ,0,Not Dark Pattern,Data Processor Privacy Policy: https://casalemedia.com/
1158, powered by: Cookie Information ,0,Not Dark Pattern,powered by: Cookie Information
491,11 11 Hours: 00 22 Minutes: 3223 3223 Seconds Sale Ends Once The Timer Hits Zero!,1,Urgency,11 11 Hours: 00 22 Minutes: 3223 3223 Seconds Sale Ends Once The Timer Hits Zero!
209,Long and Tall,0,Not Dark Pattern,Long and Tall
1139,The Hoop Destination. Discover more,0,Not Dark Pattern,The Hoop Destination. Discover more
209,Football,0,Not Dark Pattern,Football
128,*Freight/Higher Freight charges may apply to some areas. Click here to view Shipping Policy,0,Not Dark Pattern,*Freight/Higher Freight charges may apply to some areas. Click here to view Shipping Policy
1476,2 in stock,1,Scarcity,2 in stock
479,"No thanks, I don't like savings",1,Misdirection,"No thanks, I don't like savings"
1158,How/why the homepage uses cookies,0,Not Dark Pattern,How/why the homepage uses cookies
1007,Limited Time Promo $194.00,1,Urgency,Limited Time Promo $194.00
70,"Mounif in Pittsburgh, United States purchased",1,Social Proof,"Mounif in Pittsburgh, United States purchased"
338,"No thanks, I prefer to pay full price.",1,Misdirection,"No thanks, I prefer to pay full price."
1044, Articles: Medical Matters ,0,Not Dark Pattern,Articles: Medical Matters
483,"50% OFF Everything (yep, even sale) + $5.99 Shipping* ENDS IN 12h 13m 56s",1,Urgency,"50% OFF Everything (yep, even sale) + $5.99 Shipping* ENDS IN 12h 13m 56s"
46,"Someone in Ampang, Malaysia just bought",1,Social Proof,"Someone in Ampang, Malaysia just bought"
1158, sales@scandinavianoutdoor.com ,0,Not Dark Pattern,sales@scandinavianoutdoor.com
260,POPULAR 62 others checked this out in the last few hours.,1,Social Proof,POPULAR 62 others checked this out in the last few hours.
1139,Gifts By Price,0,Not Dark Pattern,Gifts By Price
117,Devices ,0,Not Dark Pattern,Devices
913,Merchandise: $69.99iService Charge: $14.99 Total Before Tax: $84.98 Estimated Tax:$5.63Order Total: $90.61,1,Sneaking,Merchandise: $69.99iService Charge: $14.99 Total Before Tax: $84.98 Estimated Tax:$5.63Order Total: $90.61
1044,Free Shipping. Limited Time Only. for orders over $50,1,Urgency,Free Shipping. Limited Time Only. for orders over $50
624,Your cart is reserved for 14:05 minutes!,1,Urgency,Your cart is reserved for 14:05 minutes!
1010,Limited Time,1,Urgency,Limited Time
970,AN ITEM IN YOUR CART IS SELLING OUT QUICKLY,1,Scarcity,AN ITEM IN YOUR CART IS SELLING OUT QUICKLY
191,Either because we're updating the site or because someone spilled coffee on it again. We'll be back just as soon as we finish the update or clean up the coffee.,0,Not Dark Pattern,Either because we're updating the site or because someone spilled coffee on it again. We'll be back just as soon as we finish the update or clean up the coffee.
117, Light powerful. ,0,Not Dark Pattern,Light powerful.
117,"Samuel in Minneapolis, United States purchased a Pod Juice Jewel Mint Cool ❄️Nicotine Salt e-Liquid 15/30ml 7 hours ago",1,Social Proof,"Samuel in Minneapolis, United States purchased a Pod Juice Jewel Mint Cool ❄️Nicotine Salt e-Liquid 15/30ml 7 hours ago"
1044,Arthritis Aids,0,Not Dark Pattern,Arthritis Aids
356,No I don't feel lucky,1,Misdirection,No I don't feel lucky
627,tedpullin,0,Not Dark Pattern,tedpullin
1474,Only 13 left!,1,Scarcity,Only 13 left!
1139,about us,0,Not Dark Pattern,about us
1044, By Doug,0,Not Dark Pattern,By Doug
1044, Cordless Phones For Seniors ,0,Not Dark Pattern,Cordless Phones For Seniors
284,"Michael in Pontiac, United States purchased a  ",1,Social Proof,"Michael in Pontiac, United States purchased a"
1119, You can change your preference here Shop for Select an age ,0,Not Dark Pattern,You can change your preference here Shop for Select an age
556,11 11 Hours: 00 22 Minutes: 3223 3223 Seconds,1,Urgency,11 11 Hours: 00 22 Minutes: 3223 3223 Seconds
300,Down Jackets,0,Not Dark Pattern,Down Jackets
159,88 PEOPLE VIEWED ITEM IN THE LAST 24 HOURS,1,Social Proof,88 PEOPLE VIEWED ITEM IN THE LAST 24 HOURS
264,Choose your payment day. View your schedule and select pay now.,0,Not Dark Pattern,Choose your payment day. View your schedule and select pay now.
252,Leslie in USA just Purchased Special Design Exclusive Handmade Silver Ring,1,Social Proof,Leslie in USA just Purchased Special Design Exclusive Handmade Silver Ring
344,I do not want to protect my item,1,Misdirection,I do not want to protect my item
1351," Household Cleaning Kitchen Bathroom Eco Laundry General Cleaning Kitchenware Cook & Bakeware Food Storage & Preservation Kitchen Textiles Appliances Kitchen Appliances Household Appliances Bed, Bath & Living ",0,Not Dark Pattern,"Household Cleaning Kitchen Bathroom Eco Laundry General Cleaning Kitchenware Cook & Bakeware Food Storage & Preservation Kitchen Textiles Appliances Kitchen Appliances Household Appliances Bed, Bath & Living"
1351, Plant-Based Beauty ,0,Not Dark Pattern,Plant-Based Beauty
1026,You've made the starting lineup. Be on the look out for an exclusive offer for signing up.,0,Not Dark Pattern,You've made the starting lineup. Be on the look out for an exclusive offer for signing up.
883,Plant-based Protein,0,Not Dark Pattern,Plant-based Protein
264,Shop now. Pay later. Always interest-free,0,Not Dark Pattern,Shop now. Pay later. Always interest-free
374,"NO, I'LL PAY FULL PRICE",1,Misdirection,"NO, I'LL PAY FULL PRICE"
1026, PHX Mercury ,0,Not Dark Pattern,PHX Mercury
1189,Only 34 Left!,1,Scarcity,Only 34 Left!
105,"William in Pago Pago, United States purchased a",1,Social Proof,"William in Pago Pago, United States purchased a"
232,113 people have viewed in the last 24hrs,1,Social Proof,113 people have viewed in the last 24hrs
1026, SAF Warriors ,0,Not Dark Pattern,SAF Warriors
300,Cargo Trousers,0,Not Dark Pattern,Cargo Trousers
713, Motocross Boots ,0,Not Dark Pattern,Motocross Boots
389,"No Thanks, I Prefer Paying Full Price",1,Misdirection,"No Thanks, I Prefer Paying Full Price"
288,2 customers recently bought it,1,Social Proof,2 customers recently bought it
720,You left 2 items in your bag Released in: 29 minutes :07 seconds,1,Urgency,You left 2 items in your bag Released in: 29 minutes :07 seconds
1119,Pre-order 3 left,1,Scarcity,Pre-order 3 left
568,"When you place healing crystals in a symmetrical fashion and activate it with a crystal wand, the pattern is charged to send messages to the universe. A healing crystal grid uses sophisticated symmetry for manifestation.",0,Not Dark Pattern,"When you place healing crystals in a symmetrical fashion and activate it with a crystal wand, the pattern is charged to send messages to the universe. A healing crystal grid uses sophisticated symmetry for manifestation."
424,"No thanks, I don't like discounts",1,Misdirection,"No thanks, I don't like discounts"
1351, This is a green tea without the bitterness. ,0,Not Dark Pattern,This is a green tea without the bitterness.
981,* Limited Time Offer *\nFREE\nTLPWR1 Test Leads!,1,Urgency,* Limited Time Offer *\nFREE\nTLPWR1 Test Leads!
883,"If you wish to cancel your subscription, you can email us at getflat@flattummyco.com",1,Obstruction,"If you wish to cancel your subscription, you can email us at getflat@flattummyco.com"
1351,Green Tea is made up of properties that have been known to increase caloric expenditure as well as the metabolism of fat,0,Not Dark Pattern,Green Tea is made up of properties that have been known to increase caloric expenditure as well as the metabolism of fat
1653,Sparkling Elegance,0,Not Dark Pattern,Sparkling Elegance
264, View All Shoes ,0,Not Dark Pattern,View All Shoes
568," Mystic Topaz: Rings, Earrings, Necklaces and Bracelets ",0,Not Dark Pattern,"Mystic Topaz: Rings, Earrings, Necklaces and Bracelets"
1234,Only 2 stock available,1,Scarcity,Only 2 stock available
926,"◊After 1 year, subscription auto renews with fee. Review your iFit® Coach account on a computer, tablet, smartphone, or equipment console.",1,Sneaking,"◊After 1 year, subscription auto renews with fee. Review your iFit® Coach account on a computer, tablet, smartphone, or equipment console."
1015,SLEEP EVENT OFFERS - LIMITED TIME ONLY,1,Urgency,SLEEP EVENT OFFERS - LIMITED TIME ONLY
568,"Healing Crystals are natural beings just like the trees, mountain or flowers. The result of diverse chemical reactions inside the earth over a millennium, gemstones are a true wonder of nature. When you touch a healing crystal, there is a transfer of heat and energy that leads to activation of chakra points. These therapeutic powers noticed in the presence of gemstones are the reason they are called healing crystals. With some crystals as old as the earth, there is immense wisdom in crystal use.",0,Not Dark Pattern,"Healing Crystals are natural beings just like the trees, mountain or flowers. The result of diverse chemical reactions inside the earth over a millennium, gemstones are a true wonder of nature. When you touch a healing crystal, there is a transfer of heat and energy that leads to activation of chakra points. These therapeutic powers noticed in the presence of gemstones are the reason they are called healing crystals. With some crystals as old as the earth, there is immense wisdom in crystal use."
1772,Purchase protection added,1,Sneaking,Purchase protection added
313,39 people have this in their cart,1,Social Proof,39 people have this in their cart
1351, Coffee ,0,Not Dark Pattern,Coffee
808,OFFER ENDS 00:54:59,1,Urgency,OFFER ENDS 00:54:59
300,Adjustable Cuffs With Inner Knitted Cuff,0,Not Dark Pattern,Adjustable Cuffs With Inner Knitted Cuff
1026, Shop All NFL ,0,Not Dark Pattern,Shop All NFL
1351,You have no items in your basket.,0,Not Dark Pattern,You have no items in your basket.
683,Your Cart Will Expire In 09:58 minutes!Please note that these items may not be available again if you release them.,1,Urgency,Your Cart Will Expire In 09:58 minutes!Please note that these items may not be available again if you release them.
883,"Weight Management Shakes help cut cals, control appetite, and drop LBS.* Learn more about Weight Management Shakes.",0,Not Dark Pattern,"Weight Management Shakes help cut cals, control appetite, and drop LBS.* Learn more about Weight Management Shakes."
623,Days left until the offer ends: 00 Days 04:43:35,1,Urgency,Days left until the offer ends: 00 Days 04:43:35
1653,Toe Ring,0,Not Dark Pattern,Toe Ring
272,AboutOur StoryOur MissionOur ProductsIn the News,0,Not Dark Pattern,AboutOur StoryOur MissionOur ProductsIn the News
131,23 People viewing this product,1,Social Proof,23 People viewing this product
1026, to read up about,0,Not Dark Pattern,to read up about
1026,Women's Go-Tos,0,Not Dark Pattern,Women's Go-Tos
1653,Only 1 item left in stock,1,Scarcity,Only 1 item left in stock
300,We guarantee to match a lower online price.,0,Not Dark Pattern,We guarantee to match a lower online price.
1159,Only one item left in stock!,1,Scarcity,Only one item left in stock!
264, Shirts & Blouses ,0,Not Dark Pattern,Shirts & Blouses
72,Someone in city just added Radiance - Nebulizing Diffuser® to their cart,1,Social Proof,Someone in city just added Radiance - Nebulizing Diffuser® to their cart
1389,20 units left,1,Scarcity,20 units left
272,"Abbie in Calwell, Australia purchased Shark Bite Socks about 1 hour ago",1,Social Proof,"Abbie in Calwell, Australia purchased Shark Bite Socks about 1 hour ago"
337,"No thanks, I don't like FREE stuff.",1,Misdirection,"No thanks, I don't like FREE stuff."
568,  ,0,Not Dark Pattern,
1026, MIN Twins ,0,Not Dark Pattern,MIN Twins
1394,(5 Left),1,Scarcity,(5 Left)
1653,Speak with our customer-care executive who will help you with your buying.,0,Not Dark Pattern,Speak with our customer-care executive who will help you with your buying.
568,"Crystals are alive. Born inside Mother Earth, crystal energy can be felt just like heat or cold. For chakra training to astrological remedies, discover healing crystals.",0,Not Dark Pattern,"Crystals are alive. Born inside Mother Earth, crystal energy can be felt just like heat or cold. For chakra training to astrological remedies, discover healing crystals."
1351, Sprouting ,0,Not Dark Pattern,Sprouting
272,Help us #savethefishies.,0,Not Dark Pattern,Help us #savethefishies.
264, Home / Black Tapered Belted Cigarette Trousers - Myasia ,0,Not Dark Pattern,Home / Black Tapered Belted Cigarette Trousers - Myasia
1351, Food ,0,Not Dark Pattern,Food
1351,Aromatherapy ,0,Not Dark Pattern,Aromatherapy
1164,Only 82 left in stock!,1,Scarcity,Only 82 left in stock!
1063,Limited Time Only! 20% Off,1,Urgency,Limited Time Only! 20% Off
256,43 added to bag in the last 48hrs,1,Social Proof,43 added to bag in the last 48hrs
1351,In stock | 44 left,1,Scarcity,In stock | 44 left
300,Pay Securely with Trespass,0,Not Dark Pattern,Pay Securely with Trespass
1351, Menstrual Products ,0,Not Dark Pattern,Menstrual Products
154,THIS PRODUCT HAS BEEN VIEWED 480 TIMES IN THE LAST 48 HOURS,1,Social Proof,THIS PRODUCT HAS BEEN VIEWED 480 TIMES IN THE LAST 48 HOURS
1725,ADD FOR BETTER RESULTS,1,Misdirection,ADD FOR BETTER RESULTS
1818,Save $148.98AUD – 49% Off,1,Misdirection,Save $148.98AUD – 49% Off
300,4 bought in the last 24 hours.,1,Social Proof,4 bought in the last 24 hours.
1351, Teething Remedies ,0,Not Dark Pattern,Teething Remedies
277,Selling fast! Add to bag 7 times in the last 48 hours.,1,Social Proof,Selling fast! Add to bag 7 times in the last 48 hours.
1026,Limited time - final price reflects extra 29% off,1,Urgency,Limited time - final price reflects extra 29% off
300, We value your privacy We use cookies to improve your website experience. We also use third-party cookies for marketing purposes. Learn more. ,0,Not Dark Pattern,We value your privacy We use cookies to improve your website experience. We also use third-party cookies for marketing purposes. Learn more.
568,How Do Our Crystals Looks in Real Life?,0,Not Dark Pattern,How Do Our Crystals Looks in Real Life?
1344,ONLY 3 LEFT IN STOCK!,1,Scarcity,ONLY 3 LEFT IN STOCK!
966,"Our items sell fast, don't miss out!",1,Scarcity,"Our items sell fast, don't miss out!"
1475,only 5 left in stock,1,Scarcity,only 5 left in stock
2,"Faith in Glendale, United States purchased a Choose Your Flavors 5 Bag Sample Pack (Whole Bean) about 1 hour ago",1,Social Proof,"Faith in Glendale, United States purchased a Choose Your Flavors 5 Bag Sample Pack (Whole Bean) about 1 hour ago"
26,Someone purchased a FORWARD REVIVE WOMEN'S RED WHITE HUSTLE T-SHIRT 32 minutes ago,1,Social Proof,Someone purchased a FORWARD REVIVE WOMEN'S RED WHITE HUSTLE T-SHIRT 32 minutes ago
1026, Stone Cold Steve Austin ,0,Not Dark Pattern,Stone Cold Steve Austin
1169,3 items left,1,Scarcity,3 items left
1653,style to command,0,Not Dark Pattern,style to command
264,We use cookies to give you the best experience possible. No personal information is stored. Using this website means that you are ok with this cookie policy.,0,Not Dark Pattern,We use cookies to give you the best experience possible. No personal information is stored. Using this website means that you are ok with this cookie policy.
713, Motocross Gloves ,0,Not Dark Pattern,Motocross Gloves
254,Add to Wish List(13 People Have Added),1,Social Proof,Add to Wish List(13 People Have Added)
219,251 people are viewing this right now,1,Social Proof,251 people are viewing this right now
1026,Join the Team,0,Not Dark Pattern,Join the Team
568,What Are Healing Crystals?,0,Not Dark Pattern,What Are Healing Crystals?
310,"Someone in Shelby twp, United States just bought Galaxy Note 8 10000mAh ZeroShock Battery Case 3 days ago",1,Social Proof,"Someone in Shelby twp, United States just bought Galaxy Note 8 10000mAh ZeroShock Battery Case 3 days ago"
448,I don't want a discount,1,Misdirection,I don't want a discount
1026, WWE New Arrivals ,0,Not Dark Pattern,WWE New Arrivals
300, cm in ,0,Not Dark Pattern,cm in
1351, Digital Device Covers ,0,Not Dark Pattern,Digital Device Covers
1351, Other Snacks ,0,Not Dark Pattern,Other Snacks
1026,Recommended,0,Not Dark Pattern,Recommended
713, Base Layer & Thermals ,0,Not Dark Pattern,Base Layer & Thermals
264,Viewed 744 times today,1,Social Proof,Viewed 744 times today
176,1 people bought Jotter To Do Refill in the last few hours,1,Social Proof,1 people bought Jotter To Do Refill in the last few hours
1026, More Sports ,0,Not Dark Pattern,More Sports
568,· Physical Healing,0,Not Dark Pattern,· Physical Healing
883,"Email us ASAP (like seriously) at getflat@flattummyco.com and we will do everything we can to update this for you. As soon as you order, we will send you a confirmation email so please check your details carefully.",0,Not Dark Pattern,"Email us ASAP (like seriously) at getflat@flattummyco.com and we will do everything we can to update this for you. As soon as you order, we will send you a confirmation email so please check your details carefully."
1006,FOR A LIMITED TIME ONLY,1,Urgency,FOR A LIMITED TIME ONLY
309,232 people are viewing this offer!,1,Social Proof,232 people are viewing this offer!
11,🔥 2 people are looking right now,1,Social Proof,🔥 2 people are looking right now
1351, Resend One time Pin ,0,Not Dark Pattern,Resend One time Pin
916,Order Subtotal $19.99 Standard Delivery $12.99 Care & Handling $2.99 Tax $2.38 Total $38.35 Savings Today $10.00,1,Sneaking,Order Subtotal $19.99 Standard Delivery $12.99 Care & Handling $2.99 Tax $2.38 Total $38.35 Savings Today $10.00
